file,hebrew_name,category,candidate_id,candidate_label,source_page_url,image_url,match
070-rojo-brillante-persimmon.jpg,רוחו קרמבו,אפרסמון,ddg-21f8aab57e4a,DuckDuckGo: Rojo Brillante | Demirel Kardeşler Fidancılık,https://demirelkardesler.com/en/fruit-trees/persimmon/rojo-brillante,https://demirelkardesler.com/en/fruit-trees/persimmon/fotograflar/urunler/productsquare_rojo-brillante_20251203235358.jpg,generic
070-rojo-brillante-persimmon.jpg,רוחו קרמבו,אפרסמון,ddg-2dda3b95dac8,DuckDuckGo: Rojo Brillante | Demirel Kardeşler Fidancılık,https://demirelkardesler.com/en/fruit-trees/persimmon/rojo-brillante,https://demirelkardesler.com/en/fruit-trees/persimmon/fotograflar/urunler/productsquare_rojo-brillante_20251024111523.jpg,generic
070-rojo-brillante-persimmon.jpg,רוחו קרמבו,אפרסמון,ddg-52df55c41c92,DuckDuckGo: Rojo Brillante | Demirel Kardeşler Fidancılık,https://demirelkardesler.com/en/fruit-trees/persimmon/rojo-brillante,https://demirelkardesler.com/en/fruit-trees/persimmon/fotograflar/urunler/productsquare_rojo-brillante_20251024111520.jpg,generic
070-rojo-brillante-persimmon.jpg,רוחו קרמבו,אפרסמון,ddg-8a7cce31268d,DuckDuckGo: Rojo Brillante | Demirel Kardeşler Fidancılık,https://demirelkardesler.com/en/fruit-trees/persimmon/rojo-brillante,https://demirelkardesler.com/en/fruit-trees/persimmon/fotograflar/urunler/productsquare_rojo-brillante_20251203235402.jpg,generic
072-isabella-grapes.jpg,איזבלה,גפנים,ddg-787fe29e7b7c,DuckDuckGo: Bunch of Isabella Grapes on the Vine Stock Photo - Image of bunch ...,https://www.dreamstime.com/bunch-isabella-grapes-vine-garden-tbilisi-georgia-bunch-isabella-grapes-vine-image260910260,https://thumbs.dreamstime.com/z/bunch-isabella-grapes-vine-garden-tbilisi-georgia-bunch-isabella-grapes-vine-260910260.jpg,generic
072-isabella-grapes.jpg,איזבלה,גפנים,ddg-a634254b4512,DuckDuckGo: Dark blue grapes for making red wine. Vitis labrusca. Isabella grapes ...,https://www.alamy.com/stock-photo-dark-blue-grapes-for-making-red-wine-vitis-labrusca-isabella-grapes-134398516.html,https://c8.alamy.com/comp/HPJAK0/dark-blue-grapes-for-making-red-wine-vitis-labrusca-isabella-grapes-HPJAK0.jpg,generic
072-isabella-grapes.jpg,איזבלה,גפנים,ddg-ef9c7cd7e633,DuckDuckGo: Premium Photo | A vine with bunches of ripe black isabella grapes in ...,https://www.freepik.com/premium-photo/vine-with-bunches-ripe-black-isabella-grapes-garden-harvesting-winemaking_26553629.htm,https://img.freepik.com/premium-photo/vine-with-bunches-ripe-black-isabella-grapes-garden-harvesting-winemaking_326821-2185.jpg,generic
072-isabella-grapes.jpg,איזבלה,גפנים,ddg-4dca88c02774,DuckDuckGo: bunches of ripe red Isabella grapes lit by sun 74818356 Stock Photo at ...,https://www.vecteezy.com/photo/74818356-bunches-of-ripe-red-isabella-grapes-lit-by-sun,https://static.vecteezy.com/system/resources/previews/074/818/356/non_2x/bunches-of-ripe-red-isabella-grapes-lit-by-sun-photo.jpg,generic
073-crimson-seedless-grapes.jpg,קרימזון (מאוחר),גפנים,ddg-b99942cbff3f,"DuckDuckGo: A Grade Crimson Seedless Grapes, Packaging Type: Carton, Packaging Size ...",https://www.indiamart.com/proddetail/crimson-seedless-grapes-22961846597.html,https://5.imimg.com/data5/SELLER/Default/2020/12/ZG/SP/ZZ/89640814/crimson-seedless-2017-colour-1024x1024-1000x1000.jpg,generic
073-crimson-seedless-grapes.jpg,קרימזון (מאוחר),גפנים,ddg-3b841d8be42e,DuckDuckGo: Crimson Seedless Grapes on the Vine Stock Photo - Alamy,https://www.alamy.com/crimson-seedless-grapes-on-the-vine-image66230839.html,https://c8.alamy.com/comp/DRN233/crimson-seedless-grapes-on-the-vine-DRN233.jpg,generic
073-crimson-seedless-grapes.jpg,קרימזון (מאוחר),גפנים,ddg-3499ed610d61,DuckDuckGo: A Studio Photograph of a Bunch of Crimson Seedless Grapes Vitis ...,https://www.dreamstime.com/studio-photograph-bunch-crimson-seedless-grapes-vitis-vinifera-studio-photograph-bunch-crimson-seedless-grapes-image194699518,https://thumbs.dreamstime.com/z/studio-photograph-bunch-crimson-seedless-grapes-vitis-vinifera-studio-photograph-bunch-crimson-seedless-grapes-194699518.jpg,generic
073-crimson-seedless-grapes.jpg,קרימזון (מאוחר),גפנים,ddg-e90879a7e19b,DuckDuckGo: Crimson Seedless Grapes 8kg Box - Fast Sydney Delivery - Umall ...,https://www.umall.com.au/products/crimson-seedless-grapes-8kg-box,https://www.umall.com.au/cdn/shop/files/008f2fd522f5332d5bb966093d1de75bo9qMWJS4u584vqKtybVYS9lPC3L4vzuB.jpg?v=1760694432,generic
074-loquat-fruit.jpg,שסק,שסק,ddg-9d924a8fe47a,DuckDuckGo: How to Cut and Eat a Loquat Fruit (Quick Guide),https://www.healthyfoodtribe.com/how-to-eat-loquat/,https://www.healthyfoodtribe.com/wp-content/uploads/2023/04/loquat-tree-1024x1024.jpg,generic
074-loquat-fruit.jpg,שסק,שסק,ddg-29a9ef0f6b4e,DuckDuckGo: Loquat Tree Information - Growing And Caring For A Loquat Tree ...,https://www.gardeningknowhow.com/edible/fruits/loquat/growing-loquat-fruit.htm,https://cdn.mos.cms.futurecdn.net/pv5x65YtyHU6yawZfcWf78.jpg,generic
074-loquat-fruit.jpg,שסק,שסק,ddg-175b28cf3d3c,"DuckDuckGo: Fruit Trees - Home Gardening Apple, Cherry, Pear, Plum: Loquat Tree Fruit",https://fruittreesideas.blogspot.com/2020/09/loquat-tree-fruit.html,https://i.pinimg.com/originals/f6/b2/f2/f6b2f2bab9ea19b5db806ace6087f4cb.png,generic
074-loquat-fruit.jpg,שסק,שסק,ddg-679df14dc326,DuckDuckGo: How to Cut and Eat a Loquat Fruit (Quick Guide),https://www.healthyfoodtribe.com/how-to-eat-loquat/,https://www.healthyfoodtribe.com/wp-content/uploads/2023/04/loquat-seeds.jpg,generic
075-cherry-plum.jpg,גודגדן,גודגדן / דובדבן,ddg-7da8b932cb5d,DuckDuckGo: Buy cherry plum (syn. Prunus cerasifera Gypsy) cherry plum 'Gypsy',https://www.rhsplants.co.uk/plants/_/cherry-plum-gypsy/classid.2000048933/,https://img.crocdn.co.uk/images/products2/pl/20/00/04/89/pl2000048933.jpg?width=940&height=940,generic
075-cherry-plum.jpg,גודגדן,גודגדן / דובדבן,ddg-01a89fe409d6,DuckDuckGo: Plum Cherry-Plum 8-1 - Ross Creek Tropicals,https://www.rosscreektropicals.com.au/products/plum-cherry-plum-8-1,https://www.rosscreektropicals.com.au/cdn/shop/products/cherry-plum.jpg?v=1695091958,generic
075-cherry-plum.jpg,גודגדן,גודגדן / דובדבן,ddg-bc16ec980128,"DuckDuckGo: Cherry plum, Myrobalan plum (Prunus cerasifera), Cherry plums on a ...",https://www.alamy.com/cherry-plum-myrobalan-plum-prunus-cerasifera-cherry-plums-on-a-branch-germany-image551117089.html,https://c8.alamy.com/comp/2R0HFD5/cherry-plum-myrobalan-plum-prunus-cerasifera-cherry-plums-on-a-branch-germany-2R0HFD5.jpg,generic
075-cherry-plum.jpg,גודגדן,גודגדן / דובדבן,ddg-f4d388f88303,DuckDuckGo: Cherry Plum Tree at Eric Hutchinson blog,https://storage.googleapis.com/ddkcfxfjerntze/cherry-plum-tree.html,https://minnetonkaorchards.com/wp-content/uploads/2020/08/Bowl-of-Cherry-Plums.jpg,generic
076-sweet-cherry.jpg,דובדבן,גודגדן / דובדבן,ddg-3506272b0b46,"DuckDuckGo: स्वाद का सफ़रनामा: पाषाण युग में भी खायी जाती थी चेरी, बेहद दिलचस्प है ...",https://hindi.news18.com/news/lifestyle/swad-ka-safarnama-sweet-cherry-benefits-and-interesting-history-in-hindi-rada-4784483.html,https://images.news18.com/ibnkhabar/uploads/2022/10/Sweet-Cherry-02.jpg,generic
076-sweet-cherry.jpg,דובדבן,גודגדן / דובדבן,ddg-281560512f3f,"DuckDuckGo: Bing Cherry Tree - Sweet, Juicy Cherries, Easy to Grow",https://nationwideplants.com/products/bing-cherry-tree,https://nationwideplants.com/cdn/shop/files/bing_heart_shaped_cherry.jpg?v=1730999921&width=1214,generic
076-sweet-cherry.jpg,דובדבן,גודגדן / דובדבן,ddg-c3c3d5bf5c2e,"DuckDuckGo: Yellow Sweet cherry Seeds(Prunus avium) | Fresh yellow cherries, Ripe ...",https://www.pinterest.com/pin/yellow-sweet-cherry-seedsprunus-avium--405886985168843131/,https://i.pinimg.com/originals/28/bf/81/28bf81be759fe148233913bec47421bf.jpg,generic
076-sweet-cherry.jpg,דובדבן,גודגדן / דובדבן,ddg-5541e9054d99,"DuckDuckGo: Sweet cherry | Description, Cultivation, Nutrition, Cyanide, & Facts ...",https://www.britannica.com/plant/sweet-cherry,https://cdn.britannica.com/60/174560-050-5A33606F/cherries-Cluster.jpg,generic
077-green-almonds.jpg,שקד ירוק / רך,שקדים,ddg-92328c79eea9,DuckDuckGo: Green Almond Stages - Green Almonds,https://greenalmonds.com/green-almond-stages/,https://greenalmonds.com/wp-content/uploads/2021/05/green-almonds-stage-2-1024x1024.jpg,generic
077-green-almonds.jpg,שקד ירוק / רך,שקדים,ddg-f1ef18318b27,"DuckDuckGo: Amazon.com : Saray Gurme Unripe Almonds, Green Almonds, Fresh Green ...",https://www.amazon.com/Unripe-Almonds-Green-Fresh-Fruits/dp/B0C2X54ZLQ,https://m.media-amazon.com/images/I/51grI7j-5jL.jpg,generic
077-green-almonds.jpg,שקד ירוק / רך,שקדים,ddg-8c71fdeaabc3,DuckDuckGo: You Must Try These: Green Almonds | Almond tree with green almonds ...,https://www.pinterest.com/pin/you-must-try-these-green-almonds--125608277086786677/,https://i.pinimg.com/originals/81/4c/79/814c79ffb2aa8aaf68a62ac77d4fa8d5.jpg,generic
077-green-almonds.jpg,שקד ירוק / רך,שקדים,ddg-4be789262c13,"DuckDuckGo: Green Almonds - How to Find, Choose & Use Them",https://www.diversivore.com/ingredient-pages/green-almonds/,https://www.diversivore.com/wp-content/uploads/2020/03/Green-Almonds-square.jpg,generic
078-almonds.jpg,שקד יבש,שקדים,ddg-2cd9f2e13372,DuckDuckGo: A close-up shot reveals the intricate details of fresh almonds ...,https://www.vecteezy.com/photo/59230909-a-close-up-shot-reveals-the-intricate-details-of-fresh-almonds-highlighting-their-natural-texture,https://static.vecteezy.com/system/resources/previews/059/230/909/large_2x/a-close-up-shot-reveals-the-intricate-details-of-fresh-almonds-highlighting-their-natural-texture-photo.jpg,generic
078-almonds.jpg,שקד יבש,שקדים,ddg-271f6e1747f0,DuckDuckGo: Close-Up of Raw Almonds in Bulk · Free Stock Photo,https://www.pexels.com/photo/close-up-of-raw-almonds-in-bulk-35339669/,https://images.pexels.com/photos/35339669/pexels-photo-35339669.jpeg?cs=srgb&dl=pexels-art-2158376781-35339669.jpg&fm=jpg,generic
078-almonds.jpg,שקד יבש,שקדים,ddg-e88f32d12f48,DuckDuckGo: Close-up of Fresh Raw Almonds on Display · Free Stock Photo,https://www.pexels.com/photo/close-up-of-fresh-raw-almonds-on-display-33653610/,https://images.pexels.com/photos/33653610/pexels-photo-33653610/free-photo-of-close-up-of-fresh-raw-almonds-on-display.jpeg?auto=compress&cs=tinysrgb&w=1260&h=750&dpr=1,generic
078-almonds.jpg,שקד יבש,שקדים,ddg-ceae4b5766a5,"DuckDuckGo: Organic Raw Almonds stock image. Image of protein, dietetic - 53237017",https://www.dreamstime.com/stock-photo-organic-raw-almonds-form-unroasted-unsalted-close-up-macro-still-life-shallow-depth-field-image53237017,https://thumbs.dreamstime.com/b/organic-raw-almonds-form-unroasted-unsalted-close-up-macro-still-life-shallow-depth-field-53237017.jpg,generic
127-inga-edulis-ice-cream-bean.jpg,אינגה מתוקה,עץ במפות (בלי כרטיס קטיף),ddg-bb2f11cea54e,DuckDuckGo: Ice-cream bean (Inga edulis) - 3 seeds - Onszaden,https://onszaden.com/Inga-edulis,https://onszaden.com/Files/10/221000/221010/ProductPhotos/Large/2010902478.jpg,generic
127-inga-edulis-ice-cream-bean.jpg,אינגה מתוקה,עץ במפות (בלי כרטיס קטיף),ddg-2ebd8128708e,DuckDuckGo: Ice-cream bean (Inga edulis) - 3 seeds - Onszaden,https://onszaden.com/Inga-edulis,https://onszaden.com/Files/10/221000/221010/ProductPhotos/Medium/2010902472.jpg,generic
127-inga-edulis-ice-cream-bean.jpg,אינגה מתוקה,עץ במפות (בלי כרטיס קטיף),ddg-c2d0a36c5f3b,DuckDuckGo: Ice-cream bean (Inga edulis) - 3 seeds - Onszaden,https://onszaden.com/Inga-edulis,https://onszaden.com/Files/10/221000/221010/ProductPhotos/Large/2010902475.jpg,generic
127-inga-edulis-ice-cream-bean.jpg,אינגה מתוקה,עץ במפות (בלי כרטיס קטיף),ddg-b5c0bb9ccaa7,"DuckDuckGo: Close-up of green seed pods hanging from Inga edulis tree branch, known ...",https://www.vecteezy.com/photo/73061530-close-up-of-green-seed-pods-hanging-from-inga-edulis-tree-branch-known-as-ice-cream-bean-green-pods-hanging-among-feathery-leaves,https://static.vecteezy.com/system/resources/previews/073/061/530/large_2x/close-up-of-green-seed-pods-hanging-from-inga-edulis-tree-branch-known-as-ice-cream-bean-green-pods-hanging-among-feathery-leaves-photo.jpg,generic
015-jaffa-orange.jpg,שמוטי,הדרים,walach-shamouti-20230930,משתלת ולך: תפוז שמוטי,https://www.fruit.co.il/,https://www.fruit.co.il/wp-content/uploads/2023/07/WhatsApp-Image-2023-09-30-at-16.32.30.jpeg,exact
054-blue-banana.jpg,בננה כחולה,בננה / פאפיה,ddg-e37343c714f8,DuckDuckGo: Blue Java Banana / Musa accuminata - Fruits plant & Tree- Exotic Flora,https://exoticflora.in/products/blue-java-musa-accuminata-fruits-plant-tree,https://exoticflora.in/cdn/shop/files/4_1024x1024.png?v=1709276504,generic
054-blue-banana.jpg,בננה כחולה,בננה / פאפיה,ddg-611a42845da3,DuckDuckGo: Banana ' Blue Java ' - Neth Green,https://nethgreen.com.au/product/banana-blue-java/,https://nethgreen.com.au/wp-content/uploads/2023/09/Blue_java_banana_01.jpg,generic
054-blue-banana.jpg,בננה כחולה,בננה / פאפיה,ddg-9455fe2faef4,DuckDuckGo: Blue Banana Plants for Sale / Blue Java Banana - Exotica NZ,https://exoticanz.com/products/blue-java-banana,http://exoticanz.com/cdn/shop/products/61LEPHqMkOL_600x.jpg?v=1670273961,generic
082-mohawk-pecan.jpg,פקאן מהן / מוהוק,פקאן,ddg-2c91d1a0d1c7,DuckDuckGo: Buy Pecan Mohawk (B) SP Nut Fruit Trees (Carya illinoinensis),https://www.daleysfruit.com.au/buy/pecan-mohawk-tree.htm,https://plant.daleysfruit.com.au/trees/m/Pecan-Mohawk-B-SP-906.jpeg,generic
082-mohawk-pecan.jpg,פקאן מהן / מוהוק,פקאן,ddg-c1f78f727426,DuckDuckGo: Mohawk RevWood Premier Morena Bluffs Cliffside Pecan | OnFlooring,https://onflooring.com/products/laminate-flooring/mohawk-revwood-premier-morena-bluffs-cliffside-pecan,https://onflooring.com/sites/default/files/styles/uc_product_full/public/products/products/2022/4/33607_04_room_2.jpeg?itok=w4xT-msj,generic
082-mohawk-pecan.jpg,פקאן מהן / מוהוק,פקאן,ddg-81cc0a0cab71,DuckDuckGo: Mohawk Pecan - Rock Bridge Trees,https://rockbridgetrees.com/product/mohawk-pecan/,https://rockbridgetrees.com/wp-content/uploads/2014/12/IMG_1820-1.jpg,generic
082-mohawk-pecan.jpg,פקאן מהן / מוהוק,פקאן,ddg-3a3c70305bc3,DuckDuckGo: Mohawk RevWood Premier Morena Bluffs Sunbathed Pecan | Pecan floors ...,https://www.pinterest.com/pin/51087777019695760/,https://i.pinimg.com/736x/02/c0/f8/02c0f85b6fa2b5fb01a8f57c9745054f.jpg,generic
098-feijoa-fruit.jpg,גויבה ברזילאית,גויבה,ddg-cbe55bfb4923,DuckDuckGo: Feijoa fruit hi-res stock photography and images - Alamy,https://www.alamy.com/stock-photo/feijoa-fruit.html,https://c8.alamy.com/comp/F6M0MF/tasty-feijoa-isolated-on-the-white-background-F6M0MF.jpg,generic
098-feijoa-fruit.jpg,גויבה ברזילאית,גויבה,ddg-b13e8aa481e5,DuckDuckGo: Feijoa Exotic Tropical Fruit Stock Illustration - Illustration of ...,https://www.dreamstime.com/feijoa-exotic-tropical-fruit-unique-rare-known-its-distinctive-appearance-flavor-ideal-culinary-botanical-uses-image378796027,https://thumbs.dreamstime.com/b/feijoa-exotic-tropical-fruit-unique-rare-known-its-distinctive-appearance-flavor-ideal-culinary-botanical-uses-378796027.jpg,generic
098-feijoa-fruit.jpg,גויבה ברזילאית,גויבה,ddg-2965e8ae7e67,DuckDuckGo: 8 Amazing Health Benefits of Feijoa fruit - Index of Sciences,https://www.indexsciences.com/health-benefits-of-feijoa-fruit/,https://www.indexsciences.com/wp-content/uploads/2023/12/Feijoa-fruit.webp,generic
098-feijoa-fruit.jpg,גויבה ברזילאית,גויבה,ddg-c378db5a5fb2,DuckDuckGo: Feijoa fruit dish 12843843 Stock Photo at Vecteezy,https://www.vecteezy.com/photo/12843843-feijoa-fruit-dish,https://static.vecteezy.com/system/resources/previews/012/843/843/large_2x/feijoa-fruit-dish-free-photo.jpg,generic
103-afghan-white-mulberry.jpg,תות אפגני לבן,תות עץ,ddg-4c944982d456,DuckDuckGo: Pamir Afghan White Mulberry 250G - Sira Cash & Carry,https://sirasonline.co.uk/products/pamir-afghan-white-mulberry-250g,https://sirasonline.co.uk/cdn/shop/files/pamir_afghan_white_mulberry_1.jpg?v=1708360042,generic
103-afghan-white-mulberry.jpg,תות אפגני לבן,תות עץ,ddg-81b71894a431,DuckDuckGo: White Mulberry - Afghan Prime,https://afghanprime.com/product/dried-white-mulberry/,https://afghanprime.com/wp-content/uploads/2024/05/white_mulberry.jpg,generic
103-afghan-white-mulberry.jpg,תות אפגני לבן,תות עץ,ddg-b55d5d3fd10b,DuckDuckGo: Afghan white mulberry season in full swing | Article | Fruitnet,https://www.fruitnet.com/asiafruit/afghan-white-mulberry-season-in-full-swing/185950.article,https://d3fwccq2bzlel7.cloudfront.net/Pictures/280xAny/2/3/3/55233_2_1217803.jpg,generic
103-afghan-white-mulberry.jpg,תות אפגני לבן,תות עץ,ddg-a32f6fec4417,DuckDuckGo: Mulberry Afghan // Tunisian Crochet PDF Pattern | Lavender and white ...,https://www.pinterest.com/pin/435723332717400581/,https://i.pinimg.com/originals/60/2f/18/602f183137bcb3cb7d6af0558de0a55b.png,generic
103b-afghan-red-mulberry.jpg,תות אפגני אדום,תות עץ,ddg-63d37cd22120,DuckDuckGo: Afghan mulberry black and red on wooden scoop on gray wooden background ...,https://www.vecteezy.com/photo/27816521-afghan-mulberry-black-and-red-on-wooden-scoop-on-gray-wooden-background,https://static.vecteezy.com/system/resources/previews/027/816/521/large_2x/afghan-mulberry-black-and-red-on-wooden-scoop-on-gray-wooden-background-photo.jpg,generic
103b-afghan-red-mulberry.jpg,תות אפגני אדום,תות עץ,ddg-65ee6e136511,DuckDuckGo: Afghan mulberry black and red on wooden scoop on gray wooden background ...,https://www.vecteezy.com/photo/27816197-afghan-mulberry-black-and-red-on-wooden-scoop-on-gray-wooden-background,https://static.vecteezy.com/system/resources/previews/027/816/197/non_2x/afghan-mulberry-black-and-red-on-wooden-scoop-on-gray-wooden-background-photo.jpg,generic
103b-afghan-red-mulberry.jpg,תות אפגני אדום,תות עץ,ddg-1acd34761fc2,"DuckDuckGo: Afghan Mulberry Black and Red Lying on Plate, Close-up Stock Photo ...",https://www.dreamstime.com/afghan-mulberry-black-red-lying-plate-close-up-image223051700,https://thumbs.dreamstime.com/z/afghan-mulberry-black-red-lying-plate-close-up-223051700.jpg,generic
103b-afghan-red-mulberry.jpg,תות אפגני אדום,תות עץ,ddg-f2b2f573d438,DuckDuckGo: Afghan mulberry black and red on wooden scoop on gray wooden background ...,https://www.vecteezy.com/photo/26387723-afghan-mulberry-black-and-red-on-wooden-scoop-on-gray-wooden-background,https://static.vecteezy.com/system/resources/previews/026/387/723/large_2x/afghan-mulberry-black-and-red-on-wooden-scoop-on-gray-wooden-background-photo.jpg,generic
055-burro-banana.jpg,בננה בורו,בננה / פאפיה,ddg-ac73eff02ede,"DuckDuckGo: Burro Banana 101: Nutrition, Benefits, How To Use, Buy, Store | Burro ...",https://www.faskitchen.com/burro-banana-101/,https://www.faskitchen.com/wp-content/uploads/2024/01/Burro-banana-uses-768x1152.jpg,generic
055-burro-banana.jpg,בננה בורו,בננה / פאפיה,ddg-23df2094f02a,DuckDuckGo: Burro Banana Plant - Live Plant - Banana Trees For Sale,https://www.bananatreesforsale.com/product/burro-banana-plant-live-plant/,https://www.bananatreesforsale.com/wp-content/uploads/2024/10/burro.jpg,generic
055-burro-banana.jpg,בננה בורו,בננה / פאפיה,ddg-fc7caab8e399,DuckDuckGo: Burro Banana Nutrition Vs Regular Banana at Brenda Norris blog,https://storage.googleapis.com/dohtfmhiksdfle/burro-banana-nutrition-vs-regular-banana.html,https://www.tastingtable.com/img/gallery/what-are-burro-bananas-and-how-do-they-stand-out-from-other-varieties/l-intro-1681759676.jpg,generic
055-burro-banana.jpg,בננה בורו,בננה / פאפיה,ddg-54013567a6b4,DuckDuckGo: Burro Banana - Fruit Hunters,https://fruithunters.com/products/burro-banana,https://fruithunters.com/cdn/shop/products/Untitled-38fx_7d7033ad-3d69-4d20-b738-04100b5101e2_2048x2048.jpg?v=1621558351,generic
101-white-mulberry.jpg,שהמי,תות עץ,ddg-a98952084608,DuckDuckGo: Health benefits of White Mulberry - Health Benefits,https://www.healthbenefitstimes.com/white-mulberry/,https://www.healthbenefitstimes.com/9/gallery/white-mulberry/White-mulberry.jpg,generic
101-white-mulberry.jpg,שהמי,תות עץ,ddg-1d2e80e3b26e,"DuckDuckGo: White mulberry (Morus alba) Flower, Leaf, Uses - PictureThis",https://www.picturethisai.com/wiki/Morus_alba.html,https://www.picturethisai.com/wiki-image/1080/EDD86777E2314E02AEDF13B3D477A8CA.jpeg,generic
101-white-mulberry.jpg,שהמי,תות עץ,ddg-7fb275b8a1c2,DuckDuckGo: white mulberry (Sidewalk Flora of the Chicago Region) · iNaturalist,https://www.inaturalist.org/guide_taxa/1235484,https://inaturalist-open-data.s3.amazonaws.com/photos/10510/large.jpg,generic
101-white-mulberry.jpg,שהמי,תות עץ,ddg-a91f872c34c6,DuckDuckGo: white mulberry isolated on the white background Stock Photo - Alamy,https://www.alamy.com/stock-photo-white-mulberry-isolated-on-the-white-background-85722501.html,https://c8.alamy.com/comp/EYCYWW/white-mulberry-isolated-on-the-white-background-EYCYWW.jpg,generic
102-shahtoot-mulberry.jpg,פקיסטני,תות עץ,ddg-161fcdaf8016,"DuckDuckGo: Shahtoot, Mulberry (Morus Alba) - Plant - Lalit Enterprise",https://lalitenterprise.com/products/shahtoot-mulberry-morus-alba-plant,https://lalitenterprise.com/cdn/shop/files/Shahtoot_Plant.webp?v=1737377185,generic
102-shahtoot-mulberry.jpg,פקיסטני,תות עץ,ddg-cc23976f03b9,"DuckDuckGo: Buy Shahtoot (Mulberry, Morus alba) Fruit Plant Online with Home Delivery",https://onlineplantscart.in/products/shahtoot-plant-mulberry-morus-alba-shhtuut-tuti-plant-mulberry-fruit-plant,https://dms.mydukaan.io/original/jpeg/media/5e5e2fb2-c027-4a6f-8eab-438737639dcf.png,generic
102-shahtoot-mulberry.jpg,פקיסטני,תות עץ,ddg-286106913f93,DuckDuckGo: 3 Feet Shahtoot Mulberry Plant at ₹ 300/piece | फल का पौधा in Meerut ...,https://www.indiamart.com/proddetail/3-feet-shahtoot-mulberry-plant-2856265416733.html,https://5.imimg.com/data5/SELLER/Default/2025/3/498904975/SP/EP/CZ/138449438/4-feet-shahtoot-mulberry-plant-500x500.jpeg,generic
102-shahtoot-mulberry.jpg,פקיסטני,תות עץ,ddg-5a78293b3463,DuckDuckGo: Mulberry | King White Shahtoot - Buy Now from Fruit Tree Cottage,https://www.fruittreecottage.com.au/products/mulberry-king-white-shahtoot,https://cdn.shopify.com/s/files/1/0542/2756/6783/products/King-White-Shahtoot-2_1024x1024@2x.jpg?v=1623638921,generic
015-jaffa-orange.jpg,שמוטי,הדרים,ddg-b486bb040792,"DuckDuckGo: Jaffa Orange | Local Orange From Tel Aviv, Israel",https://www.tasteatlas.com/jaffa-orange,https://cdn.tasteatlas.com/images/ingredients/a28f92cde02340fcae92a54e4a522811.jpg,generic
015-jaffa-orange.jpg,שמוטי,הדרים,ddg-ed55e8384149,"DuckDuckGo: Jaffa, the Orange's Clockwork (2000) — Palestine Film Institute",https://www.palestinefilminstitute.org/en/pfp/archive/jaffa-the-oranges-clockwork,https://images.squarespace-cdn.com/content/v1/5ae96502f793926d929a527e/1623354165856-5H8V78MOVYCLZ3IN1P18/jaffa%2Bstill.jpg,generic
015-jaffa-orange.jpg,שמוטי,הדרים,ddg-08e722bf8fca,DuckDuckGo: The Jaffa Orange - Minneopa Orchards,https://minnetonkaorchards.com/jaffa-orange/,https://minnetonkaorchards.com/wp-content/uploads/2022/05/Oranges-on-Tree-SS-1332873734.jpg,generic
015-jaffa-orange.jpg,שמוטי,הדרים,ddg-247473f19f8f,"DuckDuckGo: Jaffa orange - Alchetron, The Free Social Encyclopedia",https://alchetron.com/Jaffa-orange,https://alchetron.com/cdn/jaffa-orange-6ed8dde5-ac57-49c1-93e2-eb83c8959d4-resize-750.jpeg,generic
054-blue-banana.jpg,בננה כחולה,בננה / פאפיה,ddg-8fd2444e6d8b,DuckDuckGo: Blue Bags Banana Trees at Charles Lindquist blog,https://storage.googleapis.com/dirydnzjvlreee/blue-bags-banana-trees.html,https://media.citizen.co.za/wp-content/uploads/2021/11/Blue-bananas-How-blue-is-making-its-way-onto-the-menu.png,generic
054-blue-banana.jpg,בננה כחולה,בננה / פאפיה,ddg-56795c3f9fe6,"DuckDuckGo: Blue Java banana - Alchetron, The Free Social Encyclopedia",https://alchetron.com/Blue-Java-banana,https://alchetron.com/cdn/blue-java-banana-00491e0e-f680-4131-a750-949af682260-resize-750.jpeg,generic
054-blue-banana.jpg,בננה כחולה,בננה / פאפיה,ddg-85481a94f360,DuckDuckGo: Blue banana cultivation thrives in East China | AgriTech Middle East ...,https://www.agritechmea.com/blue-banana-cultivation-thrives-in-east-china/,https://www.agritechmea.com/wp-content/uploads/2024/04/Blue-Bananas.jpg,generic
054-blue-banana.jpg,בננה כחולה,בננה / פאפיה,ddg-e24c434b25f0,DuckDuckGo: Blue Java: The astonoshing blue banana that tastes like vanilla,https://www.en-vols.com/en/taste/blue-java-blue-banana/,https://www.en-vols.com/wp-content/uploads/afmm/2022/02/Banane-bleue-instagram-1024x1016.png,generic
102-shahtoot-mulberry.jpg,פקיסטני,תות עץ,ddg-8be830d4c157,DuckDuckGo: White shahtoot mulberry ( Morus macroura ) | Local Food Connect,https://localfoodconnect.org.au/eating/shahtoot-mulberry/,https://localfoodconnect.org.au/wp-content/uploads/2021/07/shahtoot-mulberry.jpg,generic
102-shahtoot-mulberry.jpg,פקיסטני,תות עץ,ddg-385d8b266eed,"DuckDuckGo: Buy Mulberry Plant, Shahtoot Plant online from Nursery Kart",https://nurserykart.in/products/mulberry-plant-shahtoot-plant/,https://nurserykart.in/cdn/shop/files/Mulberry-Plant-3.webp?v=1739904813&width=1445,generic
102-shahtoot-mulberry.jpg,פקיסטני,תות עץ,ddg-17a44e8587e9,DuckDuckGo: Mulberry White Shahtoot Grafted - Arbour Grove Nursery,https://arbourgrovenursery.com.au/trees/mulberry-white-shahtoot-grafted/,https://arbourgrovenursery.com.au/wp-content/uploads/KingWhite.jpeg,generic
102-shahtoot-mulberry.jpg,פקיסטני,תות עץ,ddg-70baac1d8c08,DuckDuckGo: Mulberry Tree White Shahtoot,https://www.daleysfruit.com.au/Mulberry-Tree-White-Shahtoot.htm,https://plant.daleysfruit.com.au/ml/mulberry-white-shahtoot-7763.jpeg,generic
127-inga-edulis-ice-cream-bean.jpg,אינגה מתוקה,עץ במפות (בלי כרטיס קטיף),ddg-bd07dcd7ee63,DuckDuckGo: Ice-cream-bean (Inga edulis Stock Photo - Alamy,https://www.alamy.com/ice-cream-bean-inga-edulis-image632225375.html,https://c8.alamy.com/comp/2YMG9WK/ice-cream-bean-inga-edulis-2YMG9WK.jpg,generic
127-inga-edulis-ice-cream-bean.jpg,אינגה מתוקה,עץ במפות (בלי כרטיס קטיף),ddg-54debd871aac,"DuckDuckGo: Plants & Seedlings Yard, Garden & Outdoor Living Items Home & Garden ...",https://granjaeducativa.cl/Extremely-Rare-Live-ICE-CREAM-BEAN-seeds-Fruit-Inga-Edulis-Cuaniquil-Guama-36112/en/item-c6php/,https://cdn.britannica.com/04/180804-050-86B541ED/Ice-cream-bean-South-America-Central-pulp.jpg,generic
127-inga-edulis-ice-cream-bean.jpg,אינגה מתוקה,עץ במפות (בלי כרטיס קטיף),ddg-5129b7dd7aff,DuckDuckGo: Ice-cream bean (Inga edulis) - 3 seeds - Onszaden,https://onszaden.com/Inga-edulis,https://onszaden.com/Files/10/221000/221010/ProductPhotos/1000x525/2010902472.jpg,generic
015-jaffa-orange.jpg,שמוטי,הדרים,ddg-a323d1e4ab06,DuckDuckGo: Vegan Jaffa Orange Loaf Cake | Tinned Tomatoes,https://www.tinnedtomatoes.com/2021/03/vegan-jaffa-orange-loaf-cake.html,https://blogger.googleusercontent.com/img/b/R29vZ2xl/AVvXsEgQ0n-MJ8Sh-3abUBsY8jCxcxioCvy9LQyVhCsG322mmMM35AefhJjibJqmTn7OWLhpSKudHSG1smPd2MQpNUQzc9dhpaaEQrd79lhg2KkiUM3-v4mtq5NoAJSbZdre89lqEUESRngoNZQ/s2000/EASY+JAFFA+ORANGE+CAKE+%25281%2529.jpg,generic
015-jaffa-orange.jpg,שמוטי,הדרים,ddg-0977692f1126,"DuckDuckGo: Jaffa orange - Alchetron, The Free Social Encyclopedia",https://alchetron.com/Jaffa-orange,https://alchetron.com/cdn/jaffa-orange-978141ac-53ef-4576-a4b0-a508fc452c2-resize-750.jpeg,generic
015-jaffa-orange.jpg,שמוטי,הדרים,ddg-16a445e172e0,DuckDuckGo: Jaffa Orange Photos and Premium High Res Pictures - Getty Images,https://www.gettyimages.dk/photos/jaffa-orange,https://media.gettyimages.com/id/148473874/photo/stacked-slices-of-sweet-juicy-jaffa-orange.jpg?s=612x612&w=gi&k=20&c=hAFmJ-QjXVCvMGCEkwYtOG3_MplH07AnfNAR4-JMqCE=,generic
015-jaffa-orange.jpg,שמוטי,הדרים,ddg-bc7ae36eec4d,"DuckDuckGo: Jaffa Orange Synonyms , Safety Data Sheet: Jaffa Orange - EMXE",https://gaeb-toolbox.de/jaffa-orange-synonyms-safety-data-sheet-jaffa-orange/,https://assets.nationbuilder.com/cjpme/pages/1044/attachments/original/1425500155/jaffaorangebds_1_.jpg?1425500155,generic
054-blue-banana.jpg,בננה כחולה,בננה / פאפיה,ddg-736f65885639,"DuckDuckGo: Blue banana: origin, cultivation, benefits, interesting facts, and the ...",https://en.jardineriaon.com/blue-banana.html,https://www.jardineriaon.com/wp-content/uploads/2025/07/platano-azul-caracteristicas-y-cuidados-3.jpg,generic
054-blue-banana.jpg,בננה כחולה,בננה / פאפיה,ddg-788a6779f6cb,"DuckDuckGo: Blue banana, unique taste and benefits - Shëndeti",https://www.cna.al/english/shendeti/bananja-blu-shija-unike-dhe-perfitimet-i408763,https://media.cna.al/cna.al/media3/-640-0-1726648096xblu-962.png,generic
054-blue-banana.jpg,בננה כחולה,בננה / פאפיה,ddg-2ce717d6a7ee,DuckDuckGo: Blue Java: The astonoshing blue banana that tastes like vanilla,https://www.en-vols.com/en/taste/blue-java-blue-banana/,https://www.en-vols.com/wp-content/uploads/afmm/2022/02/blue-java.png,generic
054-blue-banana.jpg,בננה כחולה,בננה / פאפיה,ddg-a964bae2eea8,DuckDuckGo: Blue Java Banana *PRE-ORDER* - Miami Fruit,https://miamifruit.org/products/blue-java-ice-cream-banana-pre-order,https://miamifruit.org/cdn/shop/products/image_638e7b77-e82d-4820-8a89-8baa1689f985.jpg?v=1718300783,generic
102-shahtoot-mulberry.jpg,פקיסטני,תות עץ,ddg-1ba148b85cae,"DuckDuckGo: Morus 'White Shahtoot' Mulberry 13"" Pot - Hello Hello Plants",https://www.thetutuguru.com.au/shop/morus-king-white-shahtoot-mulberry-13-pot/,https://www.thetutuguru.com.au/wp-content/uploads/2024/03/Morus-macroura-King-White-Shahtoot-Mulberry-1.jpg,generic
102-shahtoot-mulberry.jpg,פקיסטני,תות עץ,ddg-07c0642695fe,DuckDuckGo: Morus macroura 'Strawberry Shahtoot' (Mulberry) - Pikirangi Online ...,https://pikirangi.co.nz/products/morus-strawberry-shahtoot-mulberry,https://pikirangi.co.nz/cdn/shop/files/IMG-20230905_231712.jpg?v=1693912659&width=1445,generic
102-shahtoot-mulberry.jpg,פקיסטני,תות עץ,ddg-2c729a1c4bfa,DuckDuckGo: Shahtoot Mulberry (Morus alba) - Air Layer - LIVE PLANT - RareFruitTrees.ae,https://www.rarefruittrees.ae/products/shahtoot-mulberry-morus-alba-air-layer-live-plant,https://www.rarefruittrees.ae/cdn/shop/files/Shahtoot_Mulberry.png?v=1765718687&width=1445,generic
102-shahtoot-mulberry.jpg,פקיסטני,תות עץ,ddg-7fefaa116fd6,"DuckDuckGo: White Shahtoot Mulberry fruits, Long Morus nigra or alba edible fruit ...",https://www.alamy.com/white-shahtoot-mulberry-fruits-long-morus-nigra-or-alba-edible-fruit-called-also-toot-superior-mulberries-morus-is-a-genus-of-1016-species-of-tre-image605959787.html,https://c8.alamy.com/comp/2X5RRTY/white-shahtoot-mulberry-fruits-long-morus-nigra-or-alba-edible-fruit-called-also-toot-superior-mulberries-morus-is-a-genus-of-1016-species-of-tre-2X5RRTY.jpg,generic
101-white-mulberry.jpg,שהמי,תות עץ,share-white-shahtoot-1ba148b85cae,תמונה משותפת: King White Shahtoot,https://www.thetutuguru.com.au/shop/morus-king-white-shahtoot-mulberry-13-pot/,https://www.thetutuguru.com.au/wp-content/uploads/2024/03/Morus-macroura-King-White-Shahtoot-Mulberry-1.jpg,generic
101-white-mulberry.jpg,שהמי,תות עץ,share-white-shahtoot-7fefaa116fd6,תמונה משותפת: White Shahtoot,https://www.alamy.com/white-shahtoot-mulberry-fruits-long-morus-nigra-or-alba-edible-fruit-called-also-toot-superior-mulberries-morus-is-a-genus-of-1016-species-of-tre-image605959787.html,https://c8.alamy.com/comp/2X5RRTY/white-shahtoot-mulberry-fruits-long-morus-nigra-or-alba-edible-fruit-called-also-toot-superior-mulberries-morus-is-a-genus-of-1016-species-of-tre-2X5RRTY.jpg,generic
103-afghan-white-mulberry.jpg,תות אפגני לבן,תות עץ,share-white-shahtoot-1ba148b85cae,תמונה משותפת: King White Shahtoot,https://www.thetutuguru.com.au/shop/morus-king-white-shahtoot-mulberry-13-pot/,https://www.thetutuguru.com.au/wp-content/uploads/2024/03/Morus-macroura-King-White-Shahtoot-Mulberry-1.jpg,generic
103-afghan-white-mulberry.jpg,תות אפגני לבן,תות עץ,share-white-shahtoot-7fefaa116fd6,תמונה משותפת: White Shahtoot,https://www.alamy.com/white-shahtoot-mulberry-fruits-long-morus-nigra-or-alba-edible-fruit-called-also-toot-superior-mulberries-morus-is-a-genus-of-1016-species-of-tre-image605959787.html,https://c8.alamy.com/comp/2X5RRTY/white-shahtoot-mulberry-fruits-long-morus-nigra-or-alba-edible-fruit-called-also-toot-superior-mulberries-morus-is-a-genus-of-1016-species-of-tre-2X5RRTY.jpg,generic
103b-afghan-red-mulberry.jpg,תות אפגני אדום,תות עץ,share-strawberry-shahtoot-07c0642695fe,תמונה משותפת: Strawberry Shahtoot,https://pikirangi.co.nz/products/morus-strawberry-shahtoot-mulberry,https://pikirangi.co.nz/cdn/shop/files/IMG-20230905_231712.jpg?v=1693912659&width=1445,generic
132-ketambilla.jpg,קטמבילה,עץ במפות (בלי כרטיס קטיף),walach-ketambilla-dovyalisheb-202307,משתלת ולך: קטמבילה,https://www.fruit.co.il/,https://www.fruit.co.il/wp-content/uploads/2023/07/DovyalisHebecarpa9.jpg,exact
035-galil-avocado.jpg,גליל,אבוקדו,source-galil-avocado-10523230,מקור שסופק: אבוקדו גליל,https://d3m9l0v76dty0.cloudfront.net/system/photos/10523230/large/2b40f92d31aabf18c0c31e919955641b.jpg,https://d3m9l0v76dty0.cloudfront.net/system/photos/10523230/large/2b40f92d31aabf18c0c31e919955641b.jpg,exact
018-michal-mango.jpg,מישל,מנגו,user-michal-mango-20261002,תמונה שסופקה על ידי נמרוד,user-submitted/mango-michal-user.png,user-submitted/mango-michal-user.png,exact
139-orange-berry-triphasia.jpg,אורנג' ברי,עץ במפות (בלי כרטיס קטיף),user-orange-berry-20261002,תמונה שסופקה על ידי נמרוד,user-submitted/orange-berry-user.png,user-submitted/orange-berry-user.png,exact
101-white-mulberry.jpg,שהמי,תות עץ,walach-shami-morus-nigra-202307,משתלת ולך: תות שאמי,https://www.fruit.co.il/,https://www.fruit.co.il/wp-content/uploads/2023/07/MorusNigraShami3.jpg,exact
031-maggie-mango.jpg,מאגי,מנגו,user-maggi-mango-20261002,תמונה שסופקה על ידי נמרוד,user-submitted/mango-maggi-user.png,user-submitted/mango-maggi-user.png,exact
029-pure-gold-mango.jpg,פיור גולד,מנגו,user-pure-gold-mango-20261002,תמונה שסופקה על ידי נמרוד,user-submitted/mango-pure-gold-user.png,user-submitted/mango-pure-gold-user.png,exact
101-white-mulberry.jpg,שהמי,תות עץ,ddg-14d495559a94,"DuckDuckGo: 1920x1080 wallpaper | White, Alba, Fruit, Mulberry, Morus, plant ...",https://www.peakpx.com/641046/white-alba-fruit-mulberry-morus-plant-nature/1920x1080-wallpaper,https://c1.peakpx.com/wallpaper/512/586/557/white-alba-fruit-mulberry-morus-wallpaper.jpg,generic
101-white-mulberry.jpg,שהמי,תות עץ,ddg-5d6d86f33d02,"DuckDuckGo: White Mulberry (Morus alba): Major Health Benefits, Side Effects ...",https://pharmchoices.com/white-mulberry-morus-alba-major-health-benefits/,https://pharmchoices.com/wp-content/uploads/2023/05/White-mulberry-Morus-alba-Major-Health-Benefits-Side-Effects-1024x538.jpg,generic
101-white-mulberry.jpg,שהמי,תות עץ,ddg-e5684d40e03f,DuckDuckGo: White mulberry tree hi-res stock photography and images - Alamy,https://www.alamy.com/stock-photo/white-mulberry-tree.html,https://c8.alamy.com/comp/H2P014/fruits-and-leaves-of-white-mulberry-morus-alba-H2P014.jpg,generic
025-fairchild-mango.jpg,פאירי,מנגו,user-fairchild-mango-20261002,תמונה שסופקה על ידי נמרוד,user-submitted/mango-fairchild-user.png,user-submitted/mango-fairchild-user.png,exact
020-nova-mango.jpg,נובה,מנגו,user-nova-mango-20261002,תמונה שסופקה על ידי נמרוד,user-submitted/mango-nova-user.png,user-submitted/mango-nova-user.png,exact
027-tango-mango.jpg,טנגו,מנגו,user-tango-mango-20261002,תמונה שסופקה על ידי נמרוד,user-submitted/mango-tango-user.png,user-submitted/mango-tango-user.png,exact
021-mango-fruit.jpg,ניו,מנגו,user-new-mango-20261002,תמונה שסופקה על ידי נמרוד,user-submitted/mango-new-user.png,user-submitted/mango-new-user.png,exact
032-keitt-mango.jpg,קיט,מנגו,user-keitt-mango-20261002,תמונה שסופקה על ידי נמרוד,user-submitted/mango-keitt-user.png,user-submitted/mango-keitt-user.png,exact
022-omer-mango.jpg,עומר,מנגו,user-omer-mango-20261002,תמונה שסופקה על ידי נמרוד,user-submitted/mango-omer-user.png,user-submitted/mango-omer-user.png,exact
028-gaylour-mango.jpg,גיילור,מנגו,user-gaylour-mango-20261002,תמונה שסופקה על ידי נמרוד,user-submitted/mango-gaylour-user.png,user-submitted/mango-gaylour-user.png,exact
058-plum-fruit.jpg,המושל (מאוחר),שזיפים,walach-governors-plum-flacourtia-202307,משתלת ולך: שזיף המושל,https://www.fruit.co.il/wp-content/uploads/2023/07/FlacourtiaIndica.jpg,https://www.fruit.co.il/wp-content/uploads/2023/07/FlacourtiaIndica.jpg,exact
006-clementine-mandarin.jpg,קלמנטינה אור,הדרים,user-or-clementine-20261002,תמונה שסופקה על ידי נמרוד,https://encrypted-tbn0.gstatic.com/images?q=tbn:ANd9GcTCnf5wUQO43YDJHd7P1D7kiYmYJX4akgWQrM8KZIGD8w&s=10,https://encrypted-tbn0.gstatic.com/images?q=tbn:ANd9GcTCnf5wUQO43YDJHd7P1D7kiYmYJX4akgWQrM8KZIGD8w&s=10,exact
127-inga-edulis-ice-cream-bean.jpg,אינגה מתוקה,עץ במפות (בלי כרטיס קטיף),walach-inga-sweet-20230930,משתלת ולך: אינגה מתוקה,https://www.fruit.co.il/wp-content/uploads/2023/07/WhatsApp-Image-2023-09-30-at-12.49.31.jpeg,https://www.fruit.co.il/wp-content/uploads/2023/07/WhatsApp-Image-2023-09-30-at-12.49.31.jpeg,exact
026-r2e2-mango.jpg,R2E2,מנגו,user-r2e2-mango-20261002,תמונה שסופקה על ידי נמרוד,https://encrypted-tbn0.gstatic.com/images?q=tbn:ANd9GcRLYDZJk2PghWEbXQlYJMdcNK0Yw_dvXmCi7FrBNlMKC9IcC2n6nv3FgPVd&s=10,https://encrypted-tbn0.gstatic.com/images?q=tbn:ANd9GcRLYDZJk2PghWEbXQlYJMdcNK0Yw_dvXmCi7FrBNlMKC9IcC2n6nv3FgPVd&s=10,exact
024-venus-mango.jpg,ונוס,מנגו,user-venus-mango-20261002,תמונה שסופקה על ידי נמרוד,user-submitted/mango-venus-user.png,user-submitted/mango-venus-user.png,exact
023-shelly-mango.jpg,שלי,מנגו,user-shelly-mango-20261002,תמונה שסופקה על ידי נמרוד,user-submitted/mango-shelly-user.png,user-submitted/mango-shelly-user.png,exact
019-neta-mango.jpg,נטע,מנגו,user-neta-mango-20261002,תמונה שסופקה על ידי נמרוד,user-submitted/mango-neta-user.png,user-submitted/mango-neta-user.png,exact
101-white-mulberry.jpg,שהמי,תות עץ,ddg-eb90067c58d2,DuckDuckGo: Health benefits of White Mulberry - Health Benefits,https://www.healthbenefitstimes.com/white-mulberry/,https://www.healthbenefitstimes.com/9/gallery/white-mulberry/Ripe-White-Mulberries-on-the-tree.jpg,generic
101-white-mulberry.jpg,שהמי,תות עץ,ddg-0977bb5c36e5,DuckDuckGo: White Mulberry Vinegar - Forager | Chef,https://foragerchef.com/white-mulberry-vinegar/,https://foragerchef.com/wp-content/uploads/2024/02/White-mulbery-vinegar-3.jpg,generic
101-white-mulberry.jpg,שהמי,תות עץ,ddg-5d6d86f33d02,"DuckDuckGo: White Mulberry (Morus alba): Major Health Benefits, Side Effects ...",https://pharmchoices.com/white-mulberry-morus-alba-major-health-benefits/,https://pharmchoices.com/wp-content/uploads/2023/05/White-mulberry-Morus-alba-Major-Health-Benefits-Side-Effects-1024x538.jpg,generic
101-white-mulberry.jpg,שהמי,תות עץ,ddg-14d495559a94,"DuckDuckGo: 1920x1080 wallpaper | White, Alba, Fruit, Mulberry, Morus, plant ...",https://www.peakpx.com/641046/white-alba-fruit-mulberry-morus-plant-nature/1920x1080-wallpaper,https://c1.peakpx.com/wallpaper/512/586/557/white-alba-fruit-mulberry-morus-wallpaper.jpg,generic
101-white-mulberry.jpg,שהמי,תות עץ,ddg-e5684d40e03f,DuckDuckGo: White mulberry tree hi-res stock photography and images - Alamy,https://www.alamy.com/stock-photo/white-mulberry-tree.html,https://c8.alamy.com/comp/H2P014/fruits-and-leaves-of-white-mulberry-morus-alba-H2P014.jpg,generic
041-gala-apple.jpg,גאלה (מוקדם),תפוחים,ddg-bcc6aac7e886,"DuckDuckGo: How to Plant, Grow, and Care for 'Gala' Apple Trees",https://www.epicgardening.com/gala-apples/,https://www.epicgardening.com/wp-content/uploads/2024/03/Several-Royal-Gala-Apples-malus-domestica-1536x864.jpg,generic
041-gala-apple.jpg,גאלה (מוקדם),תפוחים,ddg-9192156b2e5e,DuckDuckGo: 15 Gala Apple Nutrition Facts - Facts.net,https://facts.net/gala-apple-nutrition-facts/,https://facts.net/wp-content/uploads/2023/07/gala-apples-on-crate.jpeg,generic
041-gala-apple.jpg,גאלה (מוקדם),תפוחים,ddg-82ced6fba7c9,DuckDuckGo: Gala apple on white background Stock Photo | Adobe Stock,https://stock.adobe.com/images/gala-apple-on-white-background/492730590,https://as2.ftcdn.net/v2/jpg/04/92/73/05/1000_F_492730590_PW2fGRelF3uyk9JoJ4xYnKfhE8lOf2bV.jpg,generic
041-gala-apple.jpg,גאלה (מוקדם),תפוחים,ddg-8f891de98662,DuckDuckGo: Gala Apple Cal at William Fellows blog,https://storage.googleapis.com/dotkeizzrpjjpe/gala-apple-cal.html,https://www.appleholler.com/wp-content/uploads/2018/10/gala-apples.png,generic
