file,hebrew_name,category,english_search_query,cultivar_keywords,hint_hebrew
001-picholine-olives.jpg,פישולין (ירוק),זיתים,Picholine olives,picholine,זן צרפתי לזית שולחן ירוק.
002-koroneiki-olives.jpg,קורנייקי (שמן),זיתים,Koroneiki olives,koroneiki,זן יווני מוביל לשמן.
003-barnea-olives.jpg,ברנע (שמן/שולחן),זיתים,Barnea olives,barnea,זן ישראלי דו-שימושי מוולקני.
004-kalamata-olives.jpg,קלמטה (שחור),זיתים,Kalamata olives,kalamata,הזית היווני המפורסם.
005-finger-lime-fruit.jpg,פינגר ליים,הדרים,finger lime fruit,finger,פרי ייחודי מאוסטרליה.
006-clementine-mandarin.jpg,קלמנטינה אור,הדרים,clementine mandarin,clementine,זן ישראלי מוקדם ממכון וולקני.
007-mandarin-fruit.jpg,קלמנטינה מיכל,הדרים,mandarin fruit,michal,"זן ישראלי, עונת נוב׳-ינו׳."
008-pink-grapefruit.jpg,אשכולית עליזה,הדרים,pink grapefruit,grapefruit,אשכולית ישראלית מתוקה (הכלאת פומלה-אורה).
009-navel-orange.jpg,ניוהול (טבור),הדרים,navel orange,navel,תפוז טבור מוקדם (Newhall).
010-oroblanco-sweetie.jpg,פומלית,הדרים,oroblanco sweetie,oroblanco / sweetie,הכלאה פומלו-אשכולית (Oroblanco).
011-red-pomelo.jpg,פומלית אדומה,הדרים,red pomelo,pomelo,פומלית עם בשר ורוד-אדום.
012-pomelo-fruit.jpg,פומלו,הדרים,pomelo fruit,pomelo,ההדר הגדול ביותר.
013-navel-orange.jpg,ראוסטנברג (טבור),הדרים,navel orange,navel,תפוז נאבל דרום-אפריקאי.
014-cara-cara-orange.jpg,קרה קרה (טבור אדום),הדרים,cara cara orange,cara,תפוז טבור עם בשר ורוד-אדום.
015-jaffa-orange.jpg,שמוטי,הדרים,Jaffa orange,jaffa / shamouti,התפוז הישראלי הקלאסי (Jaffa).
016-moro-blood-orange.jpg,מורו (דם),הדרים,moro blood orange,moro / blood,תפוז דם סיציליאני.
017-orri-mandarin.jpg,אורה (מנדרינה),הדרים,Orri mandarin,orri,מנדרינה ישראלית מאוחרת ממכון וולקני.
018-michal-mango.jpg,מישל,מנגו,Michal mango,michal,זן מוקדם פופולרי.
019-neta-mango.jpg,נטע,מנגו,Neta mango,neta,זן ישראלי מוקדם מוולקני.
020-nova-mango.jpg,נובה,מנגו,Nova mango,nova,זן ישראלי עונת אמצע.
021-mango-fruit.jpg,ניו,מנגו,mango fruit,,זן ישראלי עונת אמצע.
022-omer-mango.jpg,עומר,מנגו,Omer mango,omer,"זן ישראלי מוולקני, אמצע-עונה."
023-shelly-mango.jpg,שלי,מנגו,Shelly mango,shelly,זן ישראלי.
024-venus-mango.jpg,ונוס,מנגו,Venus mango,venus,זן ישראלי (ונוס-נגה).
025-fairchild-mango.jpg,פאירי,מנגו,Fairchild mango,fairchild,זן קטן ומתוק במיוחד.
026-r2e2-mango.jpg,R2E2,מנגו,R2E2 mango,r2e2,"זן אוסטרלי, גדול מאוד (עד 1 ק""ג), קליפה אדמדמה, מתוק עדין."
027-tango-mango.jpg,טנגו,מנגו,Tango mango,tango,זן ישראלי עונת אמצע.
028-gaylour-mango.jpg,גיילור,מנגו,Gaylour mango,gaylour,"פרי בינוני-גדול, טעם עשיר."
029-pure-gold-mango.jpg,פיור גולד,מנגו,Pure Gold mango,pure gold,"צהוב זהוב, מתוק, מעט סיבים."
030-maya-mango.jpg,מיה,מנגו,Maya mango,maya,זן ישראלי עונת אמצע-מאוחר.
031-maggie-mango.jpg,מאגי,מנגו,Maggie mango,maggie,זן מאוחר.
032-keitt-mango.jpg,קיט,מנגו,Keitt mango,keitt,הזן המאוחר ביותר.
033-ettinger-avocado.jpg,אטינגר,אבוקדו,Ettinger avocado,ettinger,זן ישראלי מוקדם.
034-tig-avocado.jpg,טיג,אבוקדו,Tig avocado,,זן ישראלי מוקדם.
035-galil-avocado.jpg,גליל,אבוקדו,Galil avocado,galil,"זן ישראלי, עונת סתיו."
036-fuerte-avocado.jpg,פוארטה,אבוקדו,Fuerte avocado,fuerte,"זן קלאסי (B), צורת אגס."
037-pinkerton-avocado.jpg,פינקרטון,אבוקדו,Pinkerton avocado,pinkerton,"פרי ארוך, קליפה מחוספסת."
038-maluma-avocado.jpg,מלומה,אבוקדו,Maluma avocado,maluma,זן דרום-אפריקאי.
039-hass-avocado.jpg,הס,אבוקדו,Hass avocado,hass,הזן הפופולרי בעולם (A).
040-reed-avocado.jpg,ריד (מאוחר),אבוקדו,Reed avocado,reed,"פרי גדול ועגול, קליפה ירוקה עבה."
041-gala-apple.jpg,גאלה (מוקדם),תפוחים,Gala apple,gala,תפוח מתוק ומתון.
042-golden-delicious-apple.jpg,זהוב / Golden,תפוחים,Golden Delicious apple,golden,תפוח זהוב קלאסי.
043-pink-lady-apple.jpg,פינק ליידי (מאוחר),תפוחים,Pink Lady apple,pink lady / cripps,"תפוח ורוד-אדום, פריך וחמצמץ-מתוק."
044-peach-fruit.jpg,עודד (אפרסק מוקדם),אפרסק / נקטרינה,peach fruit,,זן ישראלי מוקדם מאוד.
045-nectarine-fruit.jpg,נקטרינה צהובה,אפרסק / נקטרינה,nectarine fruit,nectarine,"נקטרינה (אפרסק חלק) עם בשר צהוב, מתוק וחמצמץ."
046-white-nectarine.jpg,נקטרינה לבנה,אפרסק / נקטרינה,white nectarine,white,"נקטרינה עם בשר לבן, ארומטית ומתוקה במיוחד."
047-peach-fruit.jpg,סאמר סנו,אפרסק / נקטרינה,peach fruit,summer,אפרסק עונת אמצע.
048-flat-peach.jpg,פיתה (אפרסק שטוח),אפרסק / נקטרינה,flat peach,flat / donut / doughnut / saturn / peento,אפרסק שטוח (דונאט).
049-methley-plum.jpg,מטלי (מוקדם),שזיפים,Methley plum,methley,שזיף יפני מוקדם מאוד.
050-santa-rosa-plum.jpg,סנטה רוזה,שזיפים,Santa Rosa plum,santa rosa,זן יפני קלאסי.
051-plum-fruit.jpg,שגיב,שזיפים,plum fruit,,זן ישראלי.
052-indian-banana.jpg,בננה הודית,בננה / פאפיה,Indian banana,Indian banana,זן בננה הודית.
053-red-banana.jpg,בננה אדומה,בננה / פאפיה,red banana,red banana,זן בננה אדומה.
054-blue-banana.jpg,בננה כחולה,בננה / פאפיה,blue banana,blue banana,זן בננה כחולה.
055-burro-banana.jpg,בננה בורו,בננה / פאפיה,Burro banana,Burro banana,זן בננה בורו.
056-black-plum.jpg,בלאק,שזיפים,black plum,black,שזיף שחור (Black).
057-plum-fruit.jpg,אוגדן,שזיפים,plum fruit,,זן מאוחר.
058-plum-fruit.jpg,המושל (מאוחר),שזיפים,plum fruit,,"שזיף גדול ואיכותי, מאוחר בעונה."
059-apricot-fruit.jpg,בלדי,משמשים,apricot fruit,,המשמש המסורתי הישראלי.
060-apricot-fruit.jpg,רעננה,משמשים,apricot fruit,,"זן ישראלי, פרי בינוני, מתוק."
061-apricot-fruit.jpg,פוליפונזי (מאוחר),משמשים,apricot fruit,,"זן מאוחר, פרי גדול ומתוק."
062-pear-fruit.jpg,אגס בלדי,אגסים,pear fruit,,אגס מסורתי ישראלי.
063-nashi-asian-pear.jpg,נאשי (אגס אסייתי),אגסים,nashi asian pear,nashi / asian,אגס אסייתי.
064-white-fig.jpg,תאנה לבנה,תאנים,white fig,white / green,"תאנה בהירה, ירוקה-צהבהבה."
065-fig-fruit.jpg,תאנה קפריסאית,תאנים,fig fruit,,תאנה גדולה ומתוקה.
066-purple-fig.jpg,תאנה ברזילאית,תאנים,purple fig,purple / black / brown,"תאנה כהה, סגולה-חומה."
068-jiro-persimmon.jpg,שינשו (מוקדם),אפרסמון,Jiro persimmon,jiro / fuyu,זן יפני מוקדם (Jiro).
069-sharon-fruit-persimmon.jpg,סידלס (טריומף),אפרסמון,Sharon fruit persimmon,sharon / triumph,זן ללא זרעים (Triumph/שרון).
070-rojo-brillante-persimmon.jpg,רוחו קרמבו,אפרסמון,Rojo Brillante persimmon,rojo,זן ישראלי.
072-isabella-grapes.jpg,איזבלה,גפנים,Isabella grapes,isabella,זן אמריקאי עתיק.
073-crimson-seedless-grapes.jpg,קרימזון (מאוחר),גפנים,Crimson Seedless grapes,crimson,ענב שולחני אדום ללא זרעים.
074-loquat-fruit.jpg,שסק,שסק,loquat fruit,,פרי אביבי ייחודי.
075-cherry-plum.jpg,גודגדן,גודגדן / דובדבן,cherry plum,cherry plum / myrobalan,שזיף-דובדבן קטן ומתוק.
076-sweet-cherry.jpg,דובדבן,גודגדן / דובדבן,sweet cherry,cherr,דובדבן אמיתי — דורש 700+ שעות קור שקשה להשיג בשרון.
077-green-almonds.jpg,שקד ירוק / רך,שקדים,green almonds,green,קטיף באביב כשהקליפה רכה.
078-almonds.jpg,שקד יבש,שקדים,almonds,almond,"קטיף בקיץ, הקליפה מתייבשת ונפתחת."
079-cape-fear-pecan.jpg,פקאן קפפר,פקאן,Cape Fear pecan,cape fear,Cape Fear — זן מוקדם-בינוני.
080-apache-pecan.jpg,פקאן אפאצ׳י,פקאן,Apache pecan,apache,Apache — אגוז גדול ואיכותי.
081-choctaw-pecan.jpg,פקאן צ׳וקטו,פקאן,Choctaw pecan,choctaw,Choctaw — מהזנים הגדולים.
082-mohawk-pecan.jpg,פקאן מהן / מוהוק,פקאן,Mohawk pecan,mohawk / mahan,מהן — אגוז ארוך ומרשים.
083-macadamia-nuts.jpg,מקדמיה,אגוזים אחרים,macadamia nuts,macadamia,אגוז אוסטרלי יוקרתי.
084-walnuts.jpg,אגוז מלך,אגוזים אחרים,walnuts,walnut,"קליפה קשה, גרעין בצורת מוח."
085-california-walnut.jpg,אגוז קליפורניה,אגוזים אחרים,California walnut,california,"זן אגוז מלך אמריקאי, קליפה רכה יותר, גרעין גדול ובהיר."
086-black-walnut.jpg,אגוז שחור,אגוזים אחרים,black walnut,black,אגוז שחור (Black walnut).
087-pistachio-nuts.jpg,אלת פיסטוק,אגוזים אחרים,pistachio nuts,pistachio,אלת הפיסטוק (Pistacia vera).
088-chestnuts.jpg,ערמונים,אגוזים אחרים,chestnuts,chestnut,אגוז עמילני (לא שמנוני).
089-wonderful-pomegranate.jpg,וונדרפול,רימון,Wonderful pomegranate,wonderful,הזן המסחרי הפופולרי בעולם.
090-pomegranate-fruit.jpg,הרשקוביץ,רימון,pomegranate fruit,,זן ישראלי.
091-cherimoya-fruit.jpg,אנונה גפנר,אנונה,cherimoya fruit,cherimoya,זן ישראלי מצטיין.
092-annona-reticulata-custard-apple.jpg,אנונה אדומה,אנונה,Annona reticulata custard apple,reticulata / custard,אנונת הרשת.
093-soursop.jpg,גואנבנה,אנונה,soursop,soursop / guanabana,אנונה טרופית גדולה.
094-lychee-fruit.jpg,ליצ׳י מאוריציוס,ליצ׳י / לונגן,lychee fruit,,"זן מוקדם, פרי גדול."
095-lychee-fruit.jpg,ליצ׳י הונג לונג,ליצ׳י / לונגן,lychee fruit,,"זן סיני, איכות מעולה."
096-longan-fruit.jpg,לונגן,ליצ׳י / לונגן,longan fruit,longan,קרוב משפחה של ליצ׳י.
097-red-guava.jpg,גויבה ארגמנית,גויבה,red guava,red / pink,גויבה עם בשר ורוד-אדום.
098-feijoa-fruit.jpg,גויבה ברזילאית,גויבה,feijoa fruit,feijoa,פייג׳ואה — לא גויבה אמיתית.
099-guava-fruit.jpg,גויבה רגיל,גויבה,guava fruit,,"גויבה קלאסית, בשר לבן."
100-black-mulberry.jpg,שחור מקדים,תות עץ,black mulberry,black,"תות עץ מוקדם, פרי שחור, מתוק-חמצמץ."
101-white-mulberry.jpg,שהמי,תות עץ,white mulberry,white,"תות לבן-ורוד, מתוק עדין."
102-shahtoot-mulberry.jpg,פקיסטני,תות עץ,shahtoot mulberry,shahtoot / long,"תות שחור, ארוך וגדול (עד 8 ס""מ), מתוק מאוד."
103-afghan-white-mulberry.jpg,תות אפגני לבן,תות עץ,Afghan white mulberry,Afghan / white,"תות אפגני ארוך ולבן."
103b-afghan-red-mulberry.jpg,תות אפגני אדום,תות עץ,Afghan red mulberry,Afghan / red,"תות אפגני ארוך ואדום."
104-bananas.jpg,בננה,בננה / פאפיה,bananas,banana,פרי טרופי קלאסי.
105-papaya-fruit.jpg,פאפיה,בננה / פאפיה,papaya fruit,papaya,פרי טרופי גדול.
106-passion-fruit.jpg,פסיפלורה,פסיפלורה,passion fruit,passion,"פרי הפסיפלורה — קליפה סגולה או צהובה, זרעים בציפוי חמצמץ-מתוק ארומטי."
107-raspberries.jpg,פטל לנדאו,פטל,raspberries,raspberr,זן פטל אדום פורה.
108-prime-ark-blackberry.jpg,פטל פריים ארק,פטל,Prime-Ark blackberry,blackberr / prime,Prime-Ark — זן נושא פעמיים (אביב + סתיו).
109-raspberries.jpg,פטל רפאו,פטל,raspberries,raspberr,זן פטל איכותי.
110-boysenberry.jpg,פטל בויסן,פטל,boysenberry,boysenberr,בויסנברי — הכלאת פטל-אוכמנית.
111-pitanga-surinam-cherry.jpg,פיטנגו,טרופיים נדירים,pitanga Surinam cherry,pitanga / surinam,דובדבן ברזילאי.
112-grumichama.jpg,גרומיצ׳ומה,טרופיים נדירים,grumichama,grumichama,"דובדבן ברזילאי שחור, מתוק."
113-jabuticaba.jpg,גבוטיקבה (גל 1),טרופיים נדירים,jabuticaba,jabuticaba,פרי ברזילאי שגדל ישירות על הגזע.
114-jabuticaba.jpg,גבוטיקבה (גל 2),טרופיים נדירים,jabuticaba,jabuticaba,"גל הפריחה השני של הגבוטיקבה, בסתיו."
115-che-fruit-maclura-tricuspidata.jpg,צ׳ה,טרופיים נדירים,Che fruit Maclura tricuspidata,maclura / cudrania / che fruit,פרי סיני נדיר.
116-feijoa.jpg,פיג׳ויה,טרופיים נדירים,feijoa,feijoa,גויאבה-אננס.
117-starfruit-carambola.jpg,קרמבולה (כוכב),טרופיים נדירים,starfruit carambola,starfruit / carambola,פרי הכוכב.
118-prickly-pear-fruit.jpg,סברס (צבר),שונות,prickly pear fruit,prickly / opuntia,פרי הצבר — סמל ישראלי.
119-goji-berries.jpg,גוג׳י ברי,שונות,goji berries,goji / wolfberry,"""סופר פוד"" סיני."
120-sapodilla-fruit.jpg,ספודילה,עץ במפות (בלי כרטיס קטיף),sapodilla fruit,sapodilla,
121-canistel-eggfruit.jpg,קניסטל,עץ במפות (בלי כרטיס קטיף),canistel eggfruit,canistel / eggfruit,
122-star-apple-caimito.jpg,תפוח הכוכב,עץ במפות (בלי כרטיס קטיף),star apple caimito,star apple / caimito,
123-acerola.jpg,אסרולה,עץ במפות (בלי כרטיס קטיף),acerola,acerola / barbados,
124-wampee-fruit.jpg,וואמפי,עץ במפות (בלי כרטיס קטיף),wampee fruit,wampee / wampi,
125-bignay.jpg,ביגניי,עץ במפות (בלי כרטיס קטיף),bignay,bignay,
126-ambarella-june-plum.jpg,אמברלה,עץ במפות (בלי כרטיס קטיף),ambarella june plum,ambarella / june plum,
127-inga-edulis-ice-cream-bean.jpg,אינגה מתוקה,עץ במפות (בלי כרטיס קטיף),Inga edulis ice cream bean,inga,
128-jackfruit.jpg,ג'קפרוט,עץ במפות (בלי כרטיס קטיף),jackfruit,jackfruit,
129-sea-grape-coccoloba.jpg,קוקולובה,עץ במפות (בלי כרטיס קטיף),sea grape Coccoloba,coccoloba / sea grape,
130-phalsa-falsa.jpg,פלסה,עץ במפות (בלי כרטיס קטיף),phalsa falsa,phalsa / falsa,
131-panama-berry-muntingia.jpg,גרגר פנמה,עץ במפות (בלי כרטיס קטיף),Panama berry Muntingia,muntingia / panama / jamaican cherry,
132-ketambilla.jpg,קטמבילה,עץ במפות (בלי כרטיס קטיף),ketambilla,ketambilla / dovyalis,
133-yangmei-chinese-bayberry.jpg,יאנג מיי,עץ במפות (בלי כרטיס קטיף),yangmei Chinese bayberry,yangmei / bayberry / yumberry,
134-cedar-bay-cherry-eugenia.jpg,סידר ביי,עץ במפות (בלי כרטיס קטיף),Cedar Bay cherry Eugenia,cedar bay / eugenia,
135-rose-apple-syzygium-jambos.jpg,תפוח ורד לבן,עץ במפות (בלי כרטיס קטיף),rose apple Syzygium jambos,rose apple / jambos,
136-rose-apple.jpg,תפוח ורד אדום,עץ במפות (בלי כרטיס קטיף),rose apple,rose apple / jambos,
137-imbe-garcinia-livingstonei.jpg,אימבה,עץ במפות (בלי כרטיס קטיף),imbe Garcinia livingstonei,imbe / garcinia,
138-rio-grande-cherry-eugenia-involucrata.jpg,ריו גרנדה,עץ במפות (בלי כרטיס קטיף),Rio Grande cherry Eugenia involucrata,involucrata / rio grande,
139-orange-berry-triphasia.jpg,אורנג' ברי,עץ במפות (בלי כרטיס קטיף),orange berry Triphasia,triphasia / orange berry,
140-pear-fruit.jpg,אגס ספדונה,עץ במפות (בלי כרטיס קטיף),pear fruit,pear,
