file,hebrew_name,category,candidate_id,candidate_label,source_page_url,image_url,match
041-gala-apple.jpg,גאלה (מוקדם),תפוחים,gala-commons-1,גאלה — פרי שלם,https://commons.wikimedia.org/wiki/File:2015-02-xx_Gala_(apple).jpg,https://thumb.wikimedia.org/wikipedia/commons/thumb/a/ab/2015-02-xx_Gala_%28apple%29.jpg/960px-2015-02-xx_Gala_%28apple%29.jpg,exact
041-gala-apple.jpg,גאלה (מוקדם),תפוחים,gala-commons-2,רויאל גאלה — פרי שלם,https://commons.wikimedia.org/wiki/File:Royal_Gala_apple.jpg,https://thumb.wikimedia.org/wikipedia/commons/thumb/6/6a/Royal_Gala_apple.jpg/960px-Royal_Gala_apple.jpg,exact
042-golden-delicious-apple.jpg,זהוב / Golden,תפוחים,golden-commons-1,Golden Delicious — פרי שלם,https://commons.wikimedia.org/wiki/File:Golden_Delicious_apple_2021.jpg,https://thumb.wikimedia.org/wikipedia/commons/thumb/a/a8/Golden_Delicious_apple_2021.jpg/960px-Golden_Delicious_apple_2021.jpg,exact
042-golden-delicious-apple.jpg,זהוב / Golden,תפוחים,golden-commons-2,Golden Delicious — פרי שלם (חלופה),https://commons.wikimedia.org/wiki/File:Golden_Delicious_apple_2021_(2).jpg,https://thumb.wikimedia.org/wikipedia/commons/thumb/5/5a/Golden_Delicious_apple_2021_%282%29.jpg/960px-Golden_Delicious_apple_2021_%282%29.jpg,exact
043-pink-lady-apple.jpg,פינק ליידי (מאוחר),תפוחים,pink-lady-commons-1,פינק ליידי — פרי שלם,https://commons.wikimedia.org/wiki/File:Apple_Pink_Lady.jpg,https://thumb.wikimedia.org/wikipedia/commons/thumb/4/43/Apple_Pink_Lady.jpg/960px-Apple_Pink_Lady.jpg,exact
043-pink-lady-apple.jpg,פינק ליידי (מאוחר),תפוחים,pink-lady-commons-2,פינק ליידי — שלם וחתוך,https://commons.wikimedia.org/wiki/File:Pink_lady_and_cross_section.jpg,https://thumb.wikimedia.org/wikipedia/commons/thumb/a/a6/Pink_lady_and_cross_section.jpg/960px-Pink_lady_and_cross_section.jpg,exact
018-michal-mango.jpg,מישל,מנגו,michal-organico-1,אוגניקו — מישל (דורש חיתוך מסגרת),https://www.organi-co.co.il/product/mango-michelle-sale,https://www.organi-co.co.il/wp-content/uploads/mango-michelle-sale.jpg,exact
019-neta-mango.jpg,נטע,מנגו,neta-organico-1,אוגניקו — נטע מגנטה (דורש חיתוך מסגרת),https://www.organi-co.co.il/product/mango-neta-magneta-sale,https://www.organi-co.co.il/wp-content/uploads/mango-neta-magneta-sale.jpg,exact
020-nova-mango.jpg,נובה,מנגו,nova-organico-1,אוגניקו — נובה (דורש חיתוך מסגרת),https://www.organi-co.co.il/product/mango-nova-sale,https://www.organi-co.co.il/wp-content/uploads/mango-nova-sale.jpg,exact
021-mango-fruit.jpg,ניו,מנגו,new-organico-1,אוגניקו — ניו (דורש חיתוך מסגרת),https://www.organi-co.co.il/product/mango-nio-sale,https://www.organi-co.co.il/wp-content/uploads/mango-nio-sale.jpg,exact
022-omer-mango.jpg,עומר,מנגו,omer-organico-1,אוגניקו — עומר (דורש חיתוך מסגרת),https://www.organi-co.co.il/product/mango-omer-tree-sale,https://www.organi-co.co.il/wp-content/uploads/mango-omer-tree-sale.jpg,exact
023-shelly-mango.jpg,שלי,מנגו,shelly-organico-1,אוגניקו — שלי (דורש חיתוך מסגרת),https://www.organi-co.co.il/product/mango-shelly-tree-sale,https://www.organi-co.co.il/wp-content/uploads/mango-shelly-tree-sale.jpg,exact
024-venus-mango.jpg,ונוס,מנגו,venus-organico-1,אוגניקו — ונוס־נגה (דורש חיתוך מסגרת),https://www.organi-co.co.il/product/mango-venus-noga-sale,https://www.organi-co.co.il/wp-content/uploads/mango-venus-noga-sale.jpg,exact
028-gaylour-mango.jpg,גיילור,מנגו,gaylour-organico-1,אוגניקו — גיילור (דורש חיתוך מסגרת),https://www.organi-co.co.il/product/mango-gaylour-sale,https://www.organi-co.co.il/wp-content/uploads/mango-gaylour-sale.jpg,exact
031-maggie-mango.jpg,מאגי,מנגו,maggie-organico-1,אוגניקו — מאגי (דורש חיתוך מסגרת),https://www.organi-co.co.il/product/mango-magi-sale,https://www.organi-co.co.il/wp-content/uploads/mango-magi-sale.jpg,exact
045-nectarine-fruit.jpg,נקטרינה צהובה,אפרסק / נקטרינה,yellow-nectarine-commons-1,נקטרינה צהובה — פרי שלם,https://commons.wikimedia.org/wiki/File:Nectarine_on_white.jpg,https://thumb.wikimedia.org/wikipedia/commons/thumb/5/5e/Nectarine_on_white.jpg/960px-Nectarine_on_white.jpg,exact
046-white-nectarine.jpg,נקטרינה לבנה,אפרסק / נקטרינה,white-nectarine-commons-1,נקטרינה לבנה — שלמה וחתוכה,https://commons.wikimedia.org/wiki/File:White_nectarine_and_cross_section02_edit.jpg,https://thumb.wikimedia.org/wikipedia/commons/thumb/c/cb/White_nectarine_and_cross_section02_edit.jpg/960px-White_nectarine_and_cross_section02_edit.jpg,exact
050-santa-rosa-plum.jpg,סנטה רוזה,שזיפים,santa-rosa-commons-1,סנטה רוזה — פירות שלמים,https://commons.wikimedia.org/wiki/File:Santa_Rosa_plums.jpg,https://thumb.wikimedia.org/wikipedia/commons/thumb/8/89/Santa_Rosa_plums.jpg/960px-Santa_Rosa_plums.jpg,exact
063-nashi-asian-pear.jpg,נאשי (אגס אסייתי),אגסים,nashi-commons-1,נאשי — על העץ,https://commons.wikimedia.org/wiki/File:Pyrus_pyrifolia_fruit_on_tree_PS_2z_LR.jpg,https://thumb.wikimedia.org/wikipedia/commons/thumb/4/49/Pyrus_pyrifolia_fruit_on_tree_PS_2z_LR.jpg/960px-Pyrus_pyrifolia_fruit_on_tree_PS_2z_LR.jpg,exact
025-fairchild-mango.jpg,פאירי,מנגו,fairchild-commons-1,פאירצ׳יילד — חתוך,https://commons.wikimedia.org/wiki/File:Fairchild_Mango.jpg,https://thumb.wikimedia.org/wikipedia/commons/thumb/4/4f/Fairchild_Mango.jpg/960px-Fairchild_Mango.jpg,exact
030-maya-mango.jpg,מיה,מנגו,maya-commons-1,מיה — על העץ,https://commons.wikimedia.org/wiki/File:Mango_Maya.jpg,https://thumb.wikimedia.org/wikipedia/commons/thumb/4/48/Mango_Maya.jpg/960px-Mango_Maya.jpg,exact
048-flat-peach.jpg,פיתה (אפרסק שטוח),אפרסק / נקטרינה,commons-020,Hairy flat peach 🍑.jpg,https://commons.wikimedia.org/wiki/File%3AHairy_flat_peach_%F0%9F%8D%91.jpg,https://thumb.wikimedia.org/wikipedia/commons/thumb/b/be/Hairy_flat_peach_%F0%9F%8D%91.jpg/960px-Hairy_flat_peach_%F0%9F%8D%91.jpg?utm_source=commons.wikimedia.org&utm_campaign=imageinfo&utm_content=thumbnail,exact
069-sharon-fruit-persimmon.jpg,סידלס (טריומף),אפרסמון,commons-024,Diospyros kaki Sharon - fruits.jpg,https://commons.wikimedia.org/wiki/File%3ADiospyros_kaki_Sharon_-_fruits.jpg,https://thumb.wikimedia.org/wikipedia/commons/thumb/0/06/Diospyros_kaki_Sharon_-_fruits.jpg/960px-Diospyros_kaki_Sharon_-_fruits.jpg?utm_source=commons.wikimedia.org&utm_campaign=imageinfo&utm_content=thumbnail,exact
069-sharon-fruit-persimmon.jpg,סידלס (טריומף),אפרסמון,commons-025,"Sharon fruit, cultivar derived from the Persimmon fruit (Diospyros kaki) - Slice.jpg",https://commons.wikimedia.org/wiki/File%3ASharon_fruit%2C_cultivar_derived_from_the_Persimmon_fruit_%28Diospyros_kaki%29_-_Slice.jpg,https://thumb.wikimedia.org/wikipedia/commons/thumb/3/3d/Sharon_fruit%2C_cultivar_derived_from_the_Persimmon_fruit_%28Diospyros_kaki%29_-_Slice.jpg/960px-Sharon_fruit%2C_cultivar_derived_from_the_Persimmon_fruit_%28Diospyros_kaki%29_-_Slice.jpg?utm_source=commons.wikimedia.org&utm_campaign=imageinfo&utm_content=thumbnail,exact
072-isabella-grapes.jpg,איזבלה,גפנים,commons-026,"Bécsi kapu Platz 8, Hof, Isabella (Rebsorte), 2022 Budapest.jpg",https://commons.wikimedia.org/wiki/File%3AB%C3%A9csi_kapu_Platz_8%2C_Hof%2C_Isabella_%28Rebsorte%29%2C_2022_Budapest.jpg,https://thumb.wikimedia.org/wikipedia/commons/thumb/7/75/B%C3%A9csi_kapu_Platz_8%2C_Hof%2C_Isabella_%28Rebsorte%29%2C_2022_Budapest.jpg/960px-B%C3%A9csi_kapu_Platz_8%2C_Hof%2C_Isabella_%28Rebsorte%29%2C_2022_Budapest.jpg?utm_source=commons.wikimedia.org&utm_campaign=imageinfo&utm_content=thumbnail,exact
072-isabella-grapes.jpg,איזבלה,גפנים,commons-027,"Bécsi kapu Platz 8, Isabella (Rebsorte), NO, 2022 Budapest.jpg",https://commons.wikimedia.org/wiki/File%3AB%C3%A9csi_kapu_Platz_8%2C_Isabella_%28Rebsorte%29%2C_NO%2C_2022_Budapest.jpg,https://thumb.wikimedia.org/wikipedia/commons/thumb/c/c2/B%C3%A9csi_kapu_Platz_8%2C_Isabella_%28Rebsorte%29%2C_NO%2C_2022_Budapest.jpg/960px-B%C3%A9csi_kapu_Platz_8%2C_Isabella_%28Rebsorte%29%2C_NO%2C_2022_Budapest.jpg?utm_source=commons.wikimedia.org&utm_campaign=imageinfo&utm_content=thumbnail,exact
072-isabella-grapes.jpg,איזבלה,גפנים,commons-028,"Bécsi kapu Platz 8, Isabella (Rebsorte), SW, 2022 Budapest.jpg",https://commons.wikimedia.org/wiki/File%3AB%C3%A9csi_kapu_Platz_8%2C_Isabella_%28Rebsorte%29%2C_SW%2C_2022_Budapest.jpg,https://thumb.wikimedia.org/wikipedia/commons/thumb/f/f7/B%C3%A9csi_kapu_Platz_8%2C_Isabella_%28Rebsorte%29%2C_SW%2C_2022_Budapest.jpg/960px-B%C3%A9csi_kapu_Platz_8%2C_Isabella_%28Rebsorte%29%2C_SW%2C_2022_Budapest.jpg?utm_source=commons.wikimedia.org&utm_campaign=imageinfo&utm_content=thumbnail,exact
073-crimson-seedless-grapes.jpg,קרימזון (מאוחר),גפנים,commons-029,Crimson Seedless Grapes.jpg,https://commons.wikimedia.org/wiki/File%3ACrimson_Seedless_Grapes.jpg,https://thumb.wikimedia.org/wikipedia/commons/thumb/5/59/Crimson_Seedless_Grapes.jpg/960px-Crimson_Seedless_Grapes.jpg?utm_source=commons.wikimedia.org&utm_campaign=imageinfo&utm_content=thumbnail,exact
073-crimson-seedless-grapes.jpg,קרימזון (מאוחר),גפנים,commons-030,Crimson seedless on the vine.jpg,https://commons.wikimedia.org/wiki/File%3ACrimson_seedless_on_the_vine.jpg,https://thumb.wikimedia.org/wikipedia/commons/thumb/1/1d/Crimson_seedless_on_the_vine.jpg/960px-Crimson_seedless_on_the_vine.jpg?utm_source=commons.wikimedia.org&utm_campaign=imageinfo&utm_content=thumbnail,exact
124-wampee-fruit.jpg,וואמפי,עץ במפות (בלי כרטיס קטיף),commons-033,Seedless Wampee.JPG,https://commons.wikimedia.org/wiki/File%3ASeedless_Wampee.JPG,https://thumb.wikimedia.org/wikipedia/commons/thumb/8/83/Seedless_Wampee.JPG/960px-Seedless_Wampee.JPG?utm_source=commons.wikimedia.org&utm_campaign=imageinfo&utm_content=thumbnail,exact
125-bignay.jpg,ביגניי,עץ במפות (בלי כרטיס קטיף),commons-034,Bignay Mairie.jpg,https://commons.wikimedia.org/wiki/File%3ABignay_Mairie.jpg,https://thumb.wikimedia.org/wikipedia/commons/thumb/c/c4/Bignay_Mairie.jpg/960px-Bignay_Mairie.jpg?utm_source=commons.wikimedia.org&utm_campaign=imageinfo&utm_content=thumbnail,exact
127-inga-edulis-ice-cream-bean.jpg,אינגה מתוקה,עץ במפות (בלי כרטיס קטיף),commons-035,Inga-edulis-IcecreamBean 20141125 HoomaluhiaBG-KanaoheHI Cutler 132151c2 (16235285962).jpg,https://commons.wikimedia.org/wiki/File%3AInga-edulis-IcecreamBean_20141125_HoomaluhiaBG-KanaoheHI_Cutler_132151c2_%2816235285962%29.jpg,https://thumb.wikimedia.org/wikipedia/commons/thumb/3/3f/Inga-edulis-IcecreamBean_20141125_HoomaluhiaBG-KanaoheHI_Cutler_132151c2_%2816235285962%29.jpg/960px-Inga-edulis-IcecreamBean_20141125_HoomaluhiaBG-KanaoheHI_Cutler_132151c2_%2816235285962%29.jpg?utm_source=commons.wikimedia.org&utm_campaign=imageinfo&utm_content=thumbnail,exact
127-inga-edulis-ice-cream-bean.jpg,אינגה מתוקה,עץ במפות (בלי כרטיס קטיף),commons-036,Inga edulis 10zz.jpg,https://commons.wikimedia.org/wiki/File%3AInga_edulis_10zz.jpg,https://thumb.wikimedia.org/wikipedia/commons/thumb/6/6a/Inga_edulis_10zz.jpg/960px-Inga_edulis_10zz.jpg?utm_source=commons.wikimedia.org&utm_campaign=imageinfo&utm_content=thumbnail,exact
127-inga-edulis-ice-cream-bean.jpg,אינגה מתוקה,עץ במפות (בלי כרטיס קטיף),commons-037,Inga edulis 9zz.jpg,https://commons.wikimedia.org/wiki/File%3AInga_edulis_9zz.jpg,https://upload.wikimedia.org/wikipedia/commons/6/6b/Inga_edulis_9zz.jpg?utm_source=commons.wikimedia.org&utm_campaign=imageinfo&utm_content=thumbnail_unscaled,exact
128-jackfruit.jpg,ג'קפרוט,עץ במפות (בלי כרטיס קטיף),commons-038,Artocarpus heterophyllus (Jackfruit) (28260497833).jpg,https://commons.wikimedia.org/wiki/File%3AArtocarpus_heterophyllus_%28Jackfruit%29_%2828260497833%29.jpg,https://thumb.wikimedia.org/wikipedia/commons/thumb/a/a6/Artocarpus_heterophyllus_%28Jackfruit%29_%2828260497833%29.jpg/960px-Artocarpus_heterophyllus_%28Jackfruit%29_%2828260497833%29.jpg?utm_source=commons.wikimedia.org&utm_campaign=imageinfo&utm_content=thumbnail,exact
128-jackfruit.jpg,ג'קפרוט,עץ במפות (בלי כרטיס קטיף),commons-039,Artocarpus heterophyllus (Jackfruit) (28591195510).jpg,https://commons.wikimedia.org/wiki/File%3AArtocarpus_heterophyllus_%28Jackfruit%29_%2828591195510%29.jpg,https://upload.wikimedia.org/wikipedia/commons/b/b4/Artocarpus_heterophyllus_%28Jackfruit%29_%2828591195510%29.jpg?utm_source=commons.wikimedia.org&utm_campaign=imageinfo&utm_content=thumbnail_unscaled,exact
128-jackfruit.jpg,ג'קפרוט,עץ במפות (בלי כרטיס קטיף),commons-040,Jackfruit Flesh.jpg,https://commons.wikimedia.org/wiki/File%3AJackfruit_Flesh.jpg,https://thumb.wikimedia.org/wikipedia/commons/thumb/1/15/Jackfruit_Flesh.jpg/960px-Jackfruit_Flesh.jpg?utm_source=commons.wikimedia.org&utm_campaign=imageinfo&utm_content=thumbnail,exact
129-sea-grape-coccoloba.jpg,קוקולובה,עץ במפות (בלי כרטיס קטיף),commons-041,"Coccoloba uvifera (sea grape) (Eleuthera Island, Bahamas) 1 (15770418442).jpg",https://commons.wikimedia.org/wiki/File%3ACoccoloba_uvifera_%28sea_grape%29_%28Eleuthera_Island%2C_Bahamas%29_1_%2815770418442%29.jpg,https://thumb.wikimedia.org/wikipedia/commons/thumb/8/8b/Coccoloba_uvifera_%28sea_grape%29_%28Eleuthera_Island%2C_Bahamas%29_1_%2815770418442%29.jpg/960px-Coccoloba_uvifera_%28sea_grape%29_%28Eleuthera_Island%2C_Bahamas%29_1_%2815770418442%29.jpg?utm_source=commons.wikimedia.org&utm_campaign=imageinfo&utm_content=thumbnail,exact
129-sea-grape-coccoloba.jpg,קוקולובה,עץ במפות (בלי כרטיס קטיף),commons-042,"Coccoloba uvifera (sea grape) (Eleuthera Island, Bahamas) 2 (15583433658).jpg",https://commons.wikimedia.org/wiki/File%3ACoccoloba_uvifera_%28sea_grape%29_%28Eleuthera_Island%2C_Bahamas%29_2_%2815583433658%29.jpg,https://thumb.wikimedia.org/wikipedia/commons/thumb/1/1a/Coccoloba_uvifera_%28sea_grape%29_%28Eleuthera_Island%2C_Bahamas%29_2_%2815583433658%29.jpg/960px-Coccoloba_uvifera_%28sea_grape%29_%28Eleuthera_Island%2C_Bahamas%29_2_%2815583433658%29.jpg?utm_source=commons.wikimedia.org&utm_campaign=imageinfo&utm_content=thumbnail,exact
129-sea-grape-coccoloba.jpg,קוקולובה,עץ במפות (בלי כרטיס קטיף),commons-043,"Coccoloba uvifera (sea grape) (New Providence Island, Bahamas) 1 (15768860275).jpg",https://commons.wikimedia.org/wiki/File%3ACoccoloba_uvifera_%28sea_grape%29_%28New_Providence_Island%2C_Bahamas%29_1_%2815768860275%29.jpg,https://thumb.wikimedia.org/wikipedia/commons/thumb/9/90/Coccoloba_uvifera_%28sea_grape%29_%28New_Providence_Island%2C_Bahamas%29_1_%2815768860275%29.jpg/960px-Coccoloba_uvifera_%28sea_grape%29_%28New_Providence_Island%2C_Bahamas%29_1_%2815768860275%29.jpg?utm_source=commons.wikimedia.org&utm_campaign=imageinfo&utm_content=thumbnail,exact
130-phalsa-falsa.jpg,פלסה,עץ במפות (בלי כרטיס קטיף),commons-044,Phalsa03 Asit.jpg,https://commons.wikimedia.org/wiki/File%3APhalsa03_Asit.jpg,https://thumb.wikimedia.org/wikipedia/commons/thumb/6/6e/Phalsa03_Asit.jpg/960px-Phalsa03_Asit.jpg?utm_source=commons.wikimedia.org&utm_campaign=imageinfo&utm_content=thumbnail,exact
130-phalsa-falsa.jpg,פלסה,עץ במפות (בלי כרטיס קטיף),commons-045,Phalsa fruits (Grewia asiatica).jpg,https://commons.wikimedia.org/wiki/File%3APhalsa_fruits_%28Grewia_asiatica%29.jpg,https://thumb.wikimedia.org/wikipedia/commons/thumb/1/10/Phalsa_fruits_%28Grewia_asiatica%29.jpg/960px-Phalsa_fruits_%28Grewia_asiatica%29.jpg?utm_source=commons.wikimedia.org&utm_campaign=imageinfo&utm_content=thumbnail,exact
131-panama-berry-muntingia.jpg,גרגר פנמה,עץ במפות (בלי כרטיס קטיף),commons-046,Muntingia calabura (2059523725).jpg,https://commons.wikimedia.org/wiki/File%3AMuntingia_calabura_%282059523725%29.jpg,https://thumb.wikimedia.org/wikipedia/commons/thumb/0/08/Muntingia_calabura_%282059523725%29.jpg/960px-Muntingia_calabura_%282059523725%29.jpg?utm_source=commons.wikimedia.org&utm_campaign=imageinfo&utm_content=thumbnail,exact
131-panama-berry-muntingia.jpg,גרגר פנמה,עץ במפות (בלי כרטיס קטיף),commons-047,Muntingia calabura (445205272).jpg,https://commons.wikimedia.org/wiki/File%3AMuntingia_calabura_%28445205272%29.jpg,https://thumb.wikimedia.org/wikipedia/commons/thumb/d/d1/Muntingia_calabura_%28445205272%29.jpg/960px-Muntingia_calabura_%28445205272%29.jpg?utm_source=commons.wikimedia.org&utm_campaign=imageinfo&utm_content=thumbnail,exact
131-panama-berry-muntingia.jpg,גרגר פנמה,עץ במפות (בלי כרטיס קטיף),commons-048,"Singapur cherry (Muntingia calabura) in Hyderabad, AP W IMG 9597-2.jpg",https://commons.wikimedia.org/wiki/File%3ASingapur_cherry_%28Muntingia_calabura%29_in_Hyderabad%2C_AP_W_IMG_9597-2.jpg,https://upload.wikimedia.org/wikipedia/commons/3/3f/Singapur_cherry_%28Muntingia_calabura%29_in_Hyderabad%2C_AP_W_IMG_9597-2.jpg?utm_source=commons.wikimedia.org&utm_campaign=imageinfo&utm_content=thumbnail_unscaled,exact
039-hass-avocado.jpg,הס,אבוקדו,hass-commons-1,האס — שלם וחצוי,https://commons.wikimedia.org/wiki/File:Avocado_Hass_-_single_and_halved.jpg,https://thumb.wikimedia.org/wikipedia/commons/thumb/c/c9/Avocado_Hass_-_single_and_halved.jpg/960px-Avocado_Hass_-_single_and_halved.jpg,exact
040-reed-avocado.jpg,ריד (מאוחר),אבוקדו,reed-commons-1,ריד — חצוי,https://commons.wikimedia.org/wiki/File:Mitades_de_palta_Reed_abiertas_mostrando_la_pulpa_amarilla_y_la_semilla_en_su_interior.jpg,https://thumb.wikimedia.org/wikipedia/commons/thumb/0/01/Mitades_de_palta_Reed_abiertas_mostrando_la_pulpa_amarilla_y_la_semilla_en_su_interior.jpg/960px-Mitades_de_palta_Reed_abiertas_mostrando_la_pulpa_amarilla_y_la_semilla_en_su_interior.jpg,exact
038-maluma-avocado.jpg,מלומה,אבוקדו,maluma-commons-1,מלומה — שלם וחצוי,https://commons.wikimedia.org/wiki/File:Branch_and_fruit_of_the_Maluma_avocado_cultivar.jpg,https://thumb.wikimedia.org/wikipedia/commons/thumb/e/e4/Branch_and_fruit_of_the_Maluma_avocado_cultivar.jpg/960px-Branch_and_fruit_of_the_Maluma_avocado_cultivar.jpg,exact
036-fuerte-avocado.jpg,פוארטה,אבוקדו,fuerte-c1,פוארטה — פרי שלם,https://commons.wikimedia.org/wiki/File%3AFuerte_%28avocado_cultivar%29_20230719_171045_%28cropped%29.jpg,https://thumb.wikimedia.org/wikipedia/commons/thumb/6/6d/Fuerte_%28avocado_cultivar%29_20230719_171045_%28cropped%29.jpg/960px-Fuerte_%28avocado_cultivar%29_20230719_171045_%28cropped%29.jpg,exact
036-fuerte-avocado.jpg,פוארטה,אבוקדו,fuerte-c2,פוארטה — על הענף,https://commons.wikimedia.org/wiki/File%3AFuerte_avocado.jpg,https://thumb.wikimedia.org/wikipedia/commons/thumb/5/5a/Fuerte_avocado.jpg/960px-Fuerte_avocado.jpg,exact
068-jiro-persimmon.jpg,שינשו (מוקדם),אפרסמון,jiro-c1,פויו/ג׳ירו — פרי שלם,https://commons.wikimedia.org/wiki/File%3AFuyu_Persimmon_%28Diospyros_Kaki%29.jpg,https://thumb.wikimedia.org/wikipedia/commons/thumb/a/a6/Fuyu_Persimmon_%28Diospyros_Kaki%29.jpg/960px-Fuyu_Persimmon_%28Diospyros_Kaki%29.jpg,exact
068-jiro-persimmon.jpg,שינשו (מוקדם),אפרסמון,jiro-c2,ג׳ירו — פרי על עץ,https://commons.wikimedia.org/wiki/File%3AWase-jiro-gaki_genboku.jpg,https://thumb.wikimedia.org/wikipedia/commons/thumb/f/fd/Wase-jiro-gaki_genboku.jpg/960px-Wase-jiro-gaki_genboku.jpg,exact
110-boysenberry.jpg,פטל בויסן,פטל,boysen-c1,בויסנברי — פירות טריים,https://commons.wikimedia.org/wiki/File%3ABoysenberries.jpg,https://thumb.wikimedia.org/wikipedia/commons/thumb/0/0c/Boysenberries.jpg/960px-Boysenberries.jpg,exact
110-boysenberry.jpg,פטל בויסן,פטל,boysen-c2,בויסנברי — פירות על הצמח,https://commons.wikimedia.org/wiki/File%3ABoysenberry.jpg,https://thumb.wikimedia.org/wikipedia/commons/thumb/3/32/Boysenberry.jpg/960px-Boysenberry.jpg,exact
111-pitanga-surinam-cherry.jpg,פיטנגו,טרופיים נדירים,pitanga-c1,פיטנגה — פרי אדום,https://commons.wikimedia.org/wiki/File%3AMyrtaceae-_Eugenia_uniflora_%28Pitanga%2C_Surinam_Cherry%29.jpg,https://thumb.wikimedia.org/wikipedia/commons/thumb/f/fd/Myrtaceae-_Eugenia_uniflora_%28Pitanga%2C_Surinam_Cherry%29.jpg/960px-Myrtaceae-_Eugenia_uniflora_%28Pitanga%2C_Surinam_Cherry%29.jpg,exact
111-pitanga-surinam-cherry.jpg,פיטנגו,טרופיים נדירים,pitanga-c2,פיטנגה — ענף עם פירות,https://commons.wikimedia.org/wiki/File%3APitanga-eugenia-uniflora.jpg,https://thumb.wikimedia.org/wikipedia/commons/thumb/f/f6/Pitanga-eugenia-uniflora.jpg/960px-Pitanga-eugenia-uniflora.jpg,exact
112-grumichama.jpg,גרומיצ׳ומה,טרופיים נדירים,grumi-c1,גרומיצ'מה — פרי,https://commons.wikimedia.org/wiki/File%3AEugenia_brasiliensis_Immature_T2604.jpg,https://thumb.wikimedia.org/wikipedia/commons/thumb/f/fe/Eugenia_brasiliensis_Immature_T2604.jpg/960px-Eugenia_brasiliensis_Immature_T2604.jpg,exact
112-grumichama.jpg,גרומיצ׳ומה,טרופיים נדירים,grumi-c2,גרומיצ'מה — ענף עם פירות,https://commons.wikimedia.org/wiki/File%3AStarr-130304-2012-Eugenia_brasiliensis-fruit_and_leaves-Montrose_Crater_Rd_Kula-Maui_%2824910562460%29.jpg,https://thumb.wikimedia.org/wikipedia/commons/thumb/4/48/Starr-130304-2012-Eugenia_brasiliensis-fruit_and_leaves-Montrose_Crater_Rd_Kula-Maui_%2824910562460%29.jpg/960px-Starr-130304-2012-Eugenia_brasiliensis-fruit_and_leaves-Montrose_Crater_Rd_Kula-Maui_%2824910562460%29.jpg,exact
113-jabuticaba.jpg,גבוטיקבה (גל 1),טרופיים נדירים,jabuti1-c1,גבוטיקבה — פירות בשלים,https://commons.wikimedia.org/wiki/File%3AJabuticaba_fruit.jpg,https://thumb.wikimedia.org/wikipedia/commons/thumb/3/3c/Jabuticaba_fruit.jpg/960px-Jabuticaba_fruit.jpg,exact
113-jabuticaba.jpg,גבוטיקבה (גל 1),טרופיים נדירים,jabuti1-c2,גבוטיקבה — פירות על הגזע,https://commons.wikimedia.org/wiki/File%3AJabuticaba_Myrciaria_cauliflora_fruit.jpg,https://thumb.wikimedia.org/wikipedia/commons/thumb/2/24/Jabuticaba_Myrciaria_cauliflora_fruit.jpg/960px-Jabuticaba_Myrciaria_cauliflora_fruit.jpg,exact
114-jabuticaba.jpg,גבוטיקבה (גל 2),טרופיים נדירים,jabuti2-c1,גבוטיקבה — פרי גדול,https://commons.wikimedia.org/wiki/File%3AJabuticaba_%281%29.jpg,https://upload.wikimedia.org/wikipedia/commons/6/62/Jabuticaba_%281%29.jpg,exact
114-jabuticaba.jpg,גבוטיקבה (גל 2),טרופיים נדירים,jabuti2-c2,גבוטיקבה — פירות,https://commons.wikimedia.org/wiki/File%3AJabuticaba_fruto.jpg,https://thumb.wikimedia.org/wikipedia/commons/thumb/6/63/Jabuticaba_fruto.jpg/960px-Jabuticaba_fruto.jpg,exact
116-feijoa.jpg,פיג׳ויה,טרופיים נדירים,feijoa-c1,פיג'ויה — פרי שלם,https://commons.wikimedia.org/wiki/File%3AAcca_sellowiana_Fruit_MHNT_Fronton.jpg,https://thumb.wikimedia.org/wikipedia/commons/thumb/0/08/Acca_sellowiana_Fruit_MHNT_Fronton.jpg/960px-Acca_sellowiana_Fruit_MHNT_Fronton.jpg,exact
116-feijoa.jpg,פיג׳ויה,טרופיים נדירים,feijoa-c2,פיג'ויה — פרי,https://commons.wikimedia.org/wiki/File%3AAcca_sellowiana_%28fruit%29_-_November_2023_-_Sarah_Stierch.jpg,https://thumb.wikimedia.org/wikipedia/commons/thumb/d/de/Acca_sellowiana_%28fruit%29_-_November_2023_-_Sarah_Stierch.jpg/960px-Acca_sellowiana_%28fruit%29_-_November_2023_-_Sarah_Stierch.jpg,exact
098-feijoa-fruit.jpg,גויבה ברזילאית,גויבה,feijoa2-c1,פיג'ויה (גויבה ברזילאית) — פרי שלם,https://commons.wikimedia.org/wiki/File%3AAcca_sellowiana_Fruit_MHNT_Fronton.jpg,https://thumb.wikimedia.org/wikipedia/commons/thumb/0/08/Acca_sellowiana_Fruit_MHNT_Fronton.jpg/960px-Acca_sellowiana_Fruit_MHNT_Fronton.jpg,exact
098-feijoa-fruit.jpg,גויבה ברזילאית,גויבה,feijoa2-c2,פיג'ויה — פרי,https://commons.wikimedia.org/wiki/File%3AAcca_sellowiana_%28fruit%29_-_November_2023_-_Sarah_Stierch.jpg,https://thumb.wikimedia.org/wikipedia/commons/thumb/d/de/Acca_sellowiana_%28fruit%29_-_November_2023_-_Sarah_Stierch.jpg/960px-Acca_sellowiana_%28fruit%29_-_November_2023_-_Sarah_Stierch.jpg,exact
117-starfruit-carambola.jpg,קרמבולה (כוכב),טרופיים נדירים,carambola-c1,קרמבולה — פרי כוכב,https://commons.wikimedia.org/wiki/File%3ACarambola_Starfruit.jpg,https://thumb.wikimedia.org/wikipedia/commons/thumb/3/3a/Carambola_Starfruit.jpg/960px-Carambola_Starfruit.jpg,exact
117-starfruit-carambola.jpg,קרמבולה (כוכב),טרופיים נדירים,carambola-c2,קרמבולה — פרי שלם,https://commons.wikimedia.org/wiki/File%3AAverrhoa_carambola_ARS_k5735-7.jpg,https://thumb.wikimedia.org/wikipedia/commons/thumb/6/62/Averrhoa_carambola_ARS_k5735-7.jpg/960px-Averrhoa_carambola_ARS_k5735-7.jpg,exact
094-lychee-fruit.jpg,ליצ׳י מאוריציוס,ליצ׳י / לונגן,lychee1-c1,ליצ'י — פירות ואבן,https://commons.wikimedia.org/wiki/File%3ALychee_fruits_and_seed.jpg,https://thumb.wikimedia.org/wikipedia/commons/thumb/5/5c/Lychee_fruits_and_seed.jpg/960px-Lychee_fruits_and_seed.jpg,generic
094-lychee-fruit.jpg,ליצ׳י מאוריציוס,ליצ׳י / לונגן,lychee1-c2,ליצ'י — פרי חתוך,https://commons.wikimedia.org/wiki/File%3ALychee_fruit_and_seed.jpg,https://thumb.wikimedia.org/wikipedia/commons/thumb/c/cf/Lychee_fruit_and_seed.jpg/960px-Lychee_fruit_and_seed.jpg,generic
095-lychee-fruit.jpg,ליצ׳י הונג לונג,ליצ׳י / לונגן,lychee2-c1,ליצ'י — פרי מקולף,https://commons.wikimedia.org/wiki/File%3ALychee_fruit_peeled.jpg,https://thumb.wikimedia.org/wikipedia/commons/thumb/2/24/Lychee_fruit_peeled.jpg/960px-Lychee_fruit_peeled.jpg,generic
096-longan-fruit.jpg,לונגן,ליצ׳י / לונגן,longan-c1,לונגן — פירות,https://commons.wikimedia.org/wiki/File%3ADimocarpus_longan_%282%29.jpg,https://thumb.wikimedia.org/wikipedia/commons/thumb/a/a4/Dimocarpus_longan_%282%29.jpg/960px-Dimocarpus_longan_%282%29.jpg,exact
096-longan-fruit.jpg,לונגן,ליצ׳י / לונגן,longan-c2,לונגן — גבעול עם פירות,https://commons.wikimedia.org/wiki/File%3ADimocarpus_longan_%284%29.jpg,https://thumb.wikimedia.org/wikipedia/commons/thumb/2/29/Dimocarpus_longan_%284%29.jpg/960px-Dimocarpus_longan_%284%29.jpg,exact
074-loquat-fruit.jpg,שסק,שסק,loquat-c1,שסק — פרי על הענף,https://commons.wikimedia.org/wiki/File%3ALoquat_fruit_and_foliage_%28Eriobotrya_japonica%29.jpg,https://thumb.wikimedia.org/wikipedia/commons/thumb/6/63/Loquat_fruit_and_foliage_%28Eriobotrya_japonica%29.jpg/960px-Loquat_fruit_and_foliage_%28Eriobotrya_japonica%29.jpg,exact
074-loquat-fruit.jpg,שסק,שסק,loquat-c2,שסק — אשכול,https://commons.wikimedia.org/wiki/File%3A2018-03-18_Loquat_fruit_%28Eriobotrya_japonica%29%2C_Urbaniza%C3%A7%C3%A3o_Jacarand%C3%A1%2C_Albufeira.JPG,https://thumb.wikimedia.org/wikipedia/commons/thumb/d/dc/2018-03-18_Loquat_fruit_%28Eriobotrya_japonica%29%2C_Urbaniza%C3%A7%C3%A3o_Jacarand%C3%A1%2C_Albufeira.JPG/960px-2018-03-18_Loquat_fruit_%28Eriobotrya_japonica%29%2C_Urbaniza%C3%A7%C3%A3o_Jacarand%C3%A1%2C_Albufeira.JPG,exact
032-keitt-mango.jpg,קיט,מנגו,keitt-c1,קיט / Keitt — פרי גדול,https://commons.wikimedia.org/wiki/File%3AMango_ATAULFO_KEITT_Asit.jpg,https://thumb.wikimedia.org/wikipedia/commons/thumb/9/9f/Mango_ATAULFO_KEITT_Asit.jpg/960px-Mango_ATAULFO_KEITT_Asit.jpg,exact
076-sweet-cherry.jpg,דובדבן,גודגדן / דובדבן,cherry-c1,דובדבן מתוק — פירות בסל,https://commons.wikimedia.org/wiki/File%3ASweet_cherries_in_basket_2018_G1.jpg,https://thumb.wikimedia.org/wikipedia/commons/thumb/a/a5/Sweet_cherries_in_basket_2018_G1.jpg/960px-Sweet_cherries_in_basket_2018_G1.jpg,generic
075-cherry-plum.jpg,גודגדן,גודגדן / דובדבן,cherryplum-c1,גודגדן — פירות,https://commons.wikimedia.org/wiki/File%3ACherry_plums.jpg,https://thumb.wikimedia.org/wikipedia/commons/thumb/6/60/Cherry_plums.jpg/960px-Cherry_plums.jpg,exact
100-black-mulberry.jpg,שחור מקדים,תות עץ,blackmul-c1,תות עץ שחור — פרי,https://commons.wikimedia.org/wiki/File%3AMorus_nigra_fruit.jpg,https://thumb.wikimedia.org/wikipedia/commons/thumb/4/46/Morus_nigra_fruit.jpg/960px-Morus_nigra_fruit.jpg,exact
101-white-mulberry.jpg,שהמי,תות עץ,whitemul-c1,תות עץ לבן — פרי,https://commons.wikimedia.org/wiki/File%3AMorus_alba_%28White_mulberry%29.jpg,https://thumb.wikimedia.org/wikipedia/commons/thumb/1/19/Morus_alba_%28White_mulberry%29.jpg/960px-Morus_alba_%28White_mulberry%29.jpg,exact
106-passion-fruit.jpg,פסיפלורה,פסיפלורה,passion-c1,פסיפלורה — פרי שלם,https://commons.wikimedia.org/wiki/File%3APassiflora_edulis.jpg,https://thumb.wikimedia.org/wikipedia/commons/thumb/b/bf/Passiflora_edulis.jpg/960px-Passiflora_edulis.jpg,exact
106-passion-fruit.jpg,פסיפלורה,פסיפלורה,passion-c2,פסיפלורה — פרי חתוך,https://commons.wikimedia.org/wiki/File%3APassion_fruit.jpg,https://thumb.wikimedia.org/wikipedia/commons/thumb/5/56/Passion_fruit.jpg/960px-Passion_fruit.jpg,exact
093-soursop.jpg,גואנבנה,אנונה,soursop-c1,גואנבנה — פרי שלם,https://commons.wikimedia.org/wiki/File%3ASoursop.jpg,https://thumb.wikimedia.org/wikipedia/commons/thumb/b/b2/Soursop.jpg/960px-Soursop.jpg,exact
093-soursop.jpg,גואנבנה,אנונה,soursop-c2,גואנבנה — פרי Annona muricata,https://commons.wikimedia.org/wiki/File%3ASoursop%2C_Annona_muricata.jpg,https://thumb.wikimedia.org/wikipedia/commons/thumb/a/a3/Soursop%2C_Annona_muricata.jpg/960px-Soursop%2C_Annona_muricata.jpg,exact
091-cherimoya-fruit.jpg,אנונה גפנר,אנונה,cherimoya-c1,צ'רימויה (אנונה) — פרי שלם,https://commons.wikimedia.org/wiki/File%3AAnnona_cherimola.jpg,https://thumb.wikimedia.org/wikipedia/commons/thumb/3/3b/Annona_cherimola.jpg/960px-Annona_cherimola.jpg,exact
092-annona-reticulata-custard-apple.jpg,אנונה אדומה,אנונה,custard-c1,אנונה אדומה (Custard Apple) — פרי,https://commons.wikimedia.org/wiki/File%3AAnnona_reticulata.jpg,https://thumb.wikimedia.org/wikipedia/commons/thumb/6/64/Annona_reticulata.jpg/960px-Annona_reticulata.jpg,exact
092-annona-reticulata-custard-apple.jpg,אנונה אדומה,אנונה,custard-c2,קאסטארד אפל — פרי,https://commons.wikimedia.org/wiki/File%3ACustard_Apple_%28Annona_reticulata%29_in_Maharashtra_state%2C_India.jpg,https://thumb.wikimedia.org/wikipedia/commons/thumb/f/fd/Custard_Apple_%28Annona_reticulata%29_in_Maharashtra_state%2C_India.jpg/960px-Custard_Apple_%28Annona_reticulata%29_in_Maharashtra_state%2C_India.jpg,exact
079-cape-fear-pecan.jpg,פקאן קפפר,פקאן,pecan-c1,פקאן — אגוז,https://commons.wikimedia.org/wiki/File%3APecan_nut.jpg,https://thumb.wikimedia.org/wikipedia/commons/thumb/f/f2/Pecan_nut.jpg/960px-Pecan_nut.jpg,generic
087-pistachio-nuts.jpg,אלת פיסטוק,אגוזים אחרים,pistach-c1,פיסטוק — אגוזים,https://commons.wikimedia.org/wiki/File%3APistachios.jpg,https://thumb.wikimedia.org/wikipedia/commons/thumb/c/c7/Pistachios.jpg/960px-Pistachios.jpg,exact
088-chestnuts.jpg,ערמונים,אגוזים אחרים,chestnut-c1,ערמונים — גולמיים,https://commons.wikimedia.org/wiki/File%3AChestnuts.jpg,https://thumb.wikimedia.org/wikipedia/commons/thumb/9/9d/Chestnuts.jpg/960px-Chestnuts.jpg,generic
015-jaffa-orange.jpg,שמוטי,הדרים,015-jaffa-orange-c2,שמוטי — אשכולית יפו,https://commons.wikimedia.org/wiki/File:Shukoranges.jpg,https://upload.wikimedia.org/wikipedia/commons/f/f8/Shukoranges.jpg,exact
017-orri-mandarin.jpg,אורה (מנדרינה),הדרים,017-orri-mandarin-c2,אורי — פרי שלם,https://commons.wikimedia.org/wiki/File:CLEMENTINE%20NADORCOTT.jpg,https://thumb.wikimedia.org/wikipedia/commons/thumb/8/85/CLEMENTINE_NADORCOTT.jpg/960px-CLEMENTINE_NADORCOTT.jpg,generic
033-ettinger-avocado.jpg,אטינגר,אבוקדו,033-ettinger-avocado-c2,אטינגר — אבוקדו,https://commons.wikimedia.org/wiki/File:Starr-070730-7825-Persea%20americana-fruit-Foodland%20Pukalani-Maui%20(24594966340).jpg,https://thumb.wikimedia.org/wikipedia/commons/thumb/5/5b/Starr-070730-7825-Persea_americana-fruit-Foodland_Pukalani-Maui_%2824594966340%29.jpg/960px-Starr-070730-7825-Persea_americana-fruit-Foodland_Pukalani-Maui_%2824594966340%29.jpg,generic
049-methley-plum.jpg,מטלי (מוקדם),שזיפים,049-methley-plum-c1,מטלי — שזיף,https://commons.wikimedia.org/wiki/File:Starr-110217-1495-Prunus%20cerasifera%20x%20salicina-fruit-Olinda-Maui%20(24708728579).jpg,https://thumb.wikimedia.org/wikipedia/commons/thumb/0/00/Starr-110217-1495-Prunus_cerasifera_x_salicina-fruit-Olinda-Maui_%2824708728579%29.jpg/960px-Starr-110217-1495-Prunus_cerasifera_x_salicina-fruit-Olinda-Maui_%2824708728579%29.jpg,generic
049-methley-plum.jpg,מטלי (מוקדם),שזיפים,049-methley-plum-c2,מטלי — פרי שלם,https://commons.wikimedia.org/wiki/File:Pomological%20Watercolor%20POM00004959.jpg,https://thumb.wikimedia.org/wikipedia/commons/thumb/a/a3/Pomological_Watercolor_POM00004959.jpg/960px-Pomological_Watercolor_POM00004959.jpg,generic
080-apache-pecan.jpg,פקאן אפאצ׳י,פקאן,080-apache-pecan-c1,אפאצ׳י — פקאן,https://commons.wikimedia.org/wiki/File:Carya%20illinoinensis%20MHNT.BOT.2011.3.85.jpg,https://thumb.wikimedia.org/wikipedia/commons/thumb/e/e1/Carya_illinoinensis_MHNT.BOT.2011.3.85.jpg/960px-Carya_illinoinensis_MHNT.BOT.2011.3.85.jpg,generic
081-choctaw-pecan.jpg,פקאן צ׳וקטו,פקאן,081-choctaw-pecan-c2,פקאן צ׳וקטו — אגוז,https://commons.wikimedia.org/wiki/File:2%20pecan%20nut%20halves.jpg,https://upload.wikimedia.org/wikipedia/commons/e/ef/2_pecan_nut_halves.jpg,generic
089-wonderful-pomegranate.jpg,וונדרפול,רימון,089-wonderful-pomegranate-c2,וונדרפול — פרי,https://commons.wikimedia.org/wiki/File:Pomegranate%20fruit%20-%20whole%20and%20piece%20with%20arils.jpg,https://thumb.wikimedia.org/wikipedia/commons/thumb/f/fa/Pomegranate_fruit_-_whole_and_piece_with_arils.jpg/960px-Pomegranate_fruit_-_whole_and_piece_with_arils.jpg,generic
108-prime-ark-blackberry.jpg,פטל פריים ארק,פטל,108-prime-ark-blackberry-c1,פריים ארק — פטל שחור,https://commons.wikimedia.org/wiki/File:Prime%20Ark%20Traveler%20Fruit.jpg,https://thumb.wikimedia.org/wikipedia/commons/thumb/0/08/Prime_Ark_Traveler_Fruit.jpg/960px-Prime_Ark_Traveler_Fruit.jpg,exact
108-prime-ark-blackberry.jpg,פטל פריים ארק,פטל,108-prime-ark-blackberry-c2,פריים ארק — אוכמניה,https://commons.wikimedia.org/wiki/File:Blackberries%20(Rubus%20fruticosus).jpg,https://thumb.wikimedia.org/wikipedia/commons/thumb/c/cc/Blackberries_%28Rubus_fruticosus%29.jpg/960px-Blackberries_%28Rubus_fruticosus%29.jpg,generic
102-shahtoot-mulberry.jpg,פקיסטני,תות עץ,102-shahtoot-mulberry-c1,שהטות — תות,https://commons.wikimedia.org/wiki/File:Morus%20alba%20Krasnodar%2001.jpg,https://thumb.wikimedia.org/wikipedia/commons/thumb/c/c2/Morus_alba_Krasnodar_01.jpg/960px-Morus_alba_Krasnodar_01.jpg,generic
115-che-fruit-maclura-tricuspidata.jpg,צ׳ה,טרופיים נדירים,115-che-fruit-maclura-tricuspidata-c1,צ׳ה — פרי,https://commons.wikimedia.org/wiki/File:Maclura%20tricuspidata%20fruits.jpg,https://thumb.wikimedia.org/wikipedia/commons/thumb/5/52/Maclura_tricuspidata_fruits.jpg/960px-Maclura_tricuspidata_fruits.jpg,exact
121-canistel-eggfruit.jpg,קניסטל,עץ במפות (בלי כרטיס קטיף),121-canistel-eggfruit-c1,קניסטל — פרי,https://commons.wikimedia.org/wiki/File:Canistel.jpg,https://upload.wikimedia.org/wikipedia/commons/7/7d/Canistel.jpg,exact
122-star-apple-caimito.jpg,תפוח הכוכב,עץ במפות (בלי כרטיס קטיף),122-star-apple-caimito-c1,תפוח הכוכב — קאימיטו,https://commons.wikimedia.org/wiki/File:Chrysophyllum%20cainito0.jpg,https://thumb.wikimedia.org/wikipedia/commons/thumb/e/ea/Chrysophyllum_cainito0.jpg/960px-Chrysophyllum_cainito0.jpg,exact
123-acerola.jpg,אסרולה,עץ במפות (בלי כרטיס קטיף),123-acerola-c2,אסרולה — ברברי,https://commons.wikimedia.org/wiki/File:Acerola%20cherry.jpg,https://thumb.wikimedia.org/wikipedia/commons/thumb/4/49/Acerola_cherry.jpg/960px-Acerola_cherry.jpg,exact
126-ambarella-june-plum.jpg,אמברלה,עץ במפות (בלי כרטיס קטיף),126-ambarella-june-plum-c1,אמברלה — פרי,https://commons.wikimedia.org/wiki/File:Spondias%20dulcis%2001.JPG,https://thumb.wikimedia.org/wikipedia/commons/thumb/6/6b/Spondias_dulcis_01.JPG/960px-Spondias_dulcis_01.JPG,exact
132-ketambilla.jpg,קטמבילה,עץ במפות (בלי כרטיס קטיף),132-ketambilla-c1,קטמבילה — פרי,https://commons.wikimedia.org/wiki/File:Starr-121108-0798-Dovyalis%20abyssinica%20x%20hebecarpa-fruit-Pali%20o%20Waipio-Maui%20(25078034852).jpg,https://thumb.wikimedia.org/wikipedia/commons/thumb/8/8d/Starr-121108-0798-Dovyalis_abyssinica_x_hebecarpa-fruit-Pali_o_Waipio-Maui_%2825078034852%29.jpg/960px-Starr-121108-0798-Dovyalis_abyssinica_x_hebecarpa-fruit-Pali_o_Waipio-Maui_%2825078034852%29.jpg,exact
133-yangmei-chinese-bayberry.jpg,יאנג מיי,עץ במפות (בלי כרטיס קטיף),133-yangmei-chinese-bayberry-c1,יאנג מיי — פרי,https://commons.wikimedia.org/wiki/File:Yangmeifruits.jpg,https://upload.wikimedia.org/wikipedia/commons/5/59/Yangmeifruits.jpg,exact
133-yangmei-chinese-bayberry.jpg,יאנג מיי,עץ במפות (בלי כרטיס קטיף),133-yangmei-chinese-bayberry-c2,יאנג מיי — תות סיני,https://commons.wikimedia.org/wiki/File:Chinese%20Bayberry%20(Myrica%20rubra)%20(19011153788).jpg,https://thumb.wikimedia.org/wikipedia/commons/thumb/e/ea/Chinese_Bayberry_%28Myrica_rubra%29_%2819011153788%29.jpg/960px-Chinese_Bayberry_%28Myrica_rubra%29_%2819011153788%29.jpg,exact
134-cedar-bay-cherry-eugenia.jpg,סידר ביי,עץ במפות (בלי כרטיס קטיף),134-cedar-bay-cherry-eugenia-c1,סידר ביי — פרי,https://commons.wikimedia.org/wiki/File:Eugenia-reinwardtiana-SF24309-01.jpg,https://thumb.wikimedia.org/wikipedia/commons/thumb/4/4a/Eugenia-reinwardtiana-SF24309-01.jpg/960px-Eugenia-reinwardtiana-SF24309-01.jpg,exact
135-rose-apple-syzygium-jambos.jpg,תפוח ורד לבן,עץ במפות (בלי כרטיס קטיף),135-rose-apple-syzygium-jambos-c1,תפוח ורד לבן — פרי,https://commons.wikimedia.org/wiki/File:Syzygium%20jambos%20fruit.jpg,https://thumb.wikimedia.org/wikipedia/commons/thumb/5/53/Syzygium_jambos_fruit.jpg/960px-Syzygium_jambos_fruit.jpg,exact
135-rose-apple-syzygium-jambos.jpg,תפוח ורד לבן,עץ במפות (בלי כרטיס קטיף),135-rose-apple-syzygium-jambos-c2,תפוח ורד — סיזיגיום,https://commons.wikimedia.org/wiki/File:Rose%20apple%20Syzygium%20jambos%2C%20AJT%20johnsingh.%20P1220996.jpg,https://thumb.wikimedia.org/wikipedia/commons/thumb/5/5c/Rose_apple_Syzygium_jambos%2C_AJT_johnsingh._P1220996.jpg/960px-Rose_apple_Syzygium_jambos%2C_AJT_johnsingh._P1220996.jpg,exact
136-rose-apple.jpg,תפוח ורד אדום,עץ במפות (בלי כרטיס קטיף),136-rose-apple-c1,תפוח ורד אדום — פרי,https://commons.wikimedia.org/wiki/File:Syzygium%20malaccense%20(fruit).jpg,https://thumb.wikimedia.org/wikipedia/commons/thumb/b/ba/Syzygium_malaccense_%28fruit%29.jpg/960px-Syzygium_malaccense_%28fruit%29.jpg,exact
137-imbe-garcinia-livingstonei.jpg,אימבה,עץ במפות (בלי כרטיס קטיף),137-imbe-garcinia-livingstonei-c1,אימבה — פרי,https://commons.wikimedia.org/wiki/File:Garcinia%20livingstonei%2C%20vrugte%2C%20Manie%20van%20der%20Schijff%20BT%2C%20c.jpg,https://thumb.wikimedia.org/wikipedia/commons/thumb/8/81/Garcinia_livingstonei%2C_vrugte%2C_Manie_van_der_Schijff_BT%2C_c.jpg/960px-Garcinia_livingstonei%2C_vrugte%2C_Manie_van_der_Schijff_BT%2C_c.jpg,exact
139-orange-berry-triphasia.jpg,אורנג׳ ברי,עץ במפות (בלי כרטיס קטיף),139-orange-berry-triphasia-c2,אורנג׳ ברי — טריפאסיה,https://commons.wikimedia.org/wiki/File:Limeberry%20(Triphasia%20trifolia)%20(3502433797).jpg,https://thumb.wikimedia.org/wikipedia/commons/thumb/4/4c/Limeberry_%28Triphasia_trifolia%29_%283502433797%29.jpg/960px-Limeberry_%28Triphasia_trifolia%29_%283502433797%29.jpg,exact
083-macadamia-nuts.jpg,מקדמיה,אגוזים אחרים,083-macadamia-nuts-c1,מקדמיה — אגוז,https://commons.wikimedia.org/wiki/File:Macadamia-nut-912598.jpg,https://thumb.wikimedia.org/wikipedia/commons/thumb/c/c6/Macadamia-nut-912598.jpg/960px-Macadamia-nut-912598.jpg,generic
083-macadamia-nuts.jpg,מקדמיה,אגוזים אחרים,083-macadamia-nuts-c2,מקדמיה — פרי,https://commons.wikimedia.org/wiki/File:Proteaceae-%20Macadamia%20integrifolia%20(macadamia%20nut)%203.jpg,https://thumb.wikimedia.org/wikipedia/commons/thumb/8/84/Proteaceae-_Macadamia_integrifolia_%28macadamia_nut%29_3.jpg/960px-Proteaceae-_Macadamia_integrifolia_%28macadamia_nut%29_3.jpg,exact
084-walnuts.jpg,אגוז מלך,אגוזים אחרים,084-walnuts-c1,אגוז מלך — פרי,https://commons.wikimedia.org/wiki/File:Juglans%20regia%202009%20G2.jpg,https://thumb.wikimedia.org/wikipedia/commons/thumb/1/1b/Juglans_regia_2009_G2.jpg/960px-Juglans_regia_2009_G2.jpg,exact
086-black-walnut.jpg,אגוז שחור,אגוזים אחרים,086-black-walnut-c1,אגוז שחור — פרי,https://commons.wikimedia.org/wiki/File:Juglans%20nigra%20BW%202024-04-09%2017-44-42%20Stack.jpg,https://thumb.wikimedia.org/wikipedia/commons/thumb/f/f7/Juglans_nigra_BW_2024-04-09_17-44-42_Stack.jpg/960px-Juglans_nigra_BW_2024-04-09_17-44-42_Stack.jpg,exact
077-green-almonds.jpg,שקד ירוק / רך,שקדים,077-green-almonds-c1,שקד ירוק — פרי,https://commons.wikimedia.org/wiki/File:Green%20almonds.jpg,https://thumb.wikimedia.org/wikipedia/commons/thumb/a/a2/Green_almonds.jpg/960px-Green_almonds.jpg,exact
078-almonds.jpg,שקד יבש,שקדים,078-almonds-c1,שקד יבש — אגוז,https://commons.wikimedia.org/wiki/File:Almonds%20-%20in%20shell%2C%20shell%20cracked%20open%2C%20shelled%2C%20blanched.jpg,https://thumb.wikimedia.org/wikipedia/commons/thumb/3/37/Almonds_-_in_shell%2C_shell_cracked_open%2C_shelled%2C_blanched.jpg/960px-Almonds_-_in_shell%2C_shell_cracked_open%2C_shelled%2C_blanched.jpg,exact
097-red-guava.jpg,גויבה ארגמנית,גויבה,097-red-guava-c2,גויבה אדומה — פרי,https://commons.wikimedia.org/wiki/File:Guava%20pink%20fruit.jpg,https://thumb.wikimedia.org/wikipedia/commons/thumb/8/88/Guava_pink_fruit.jpg/960px-Guava_pink_fruit.jpg,generic
099-guava-fruit.jpg,גויבה רגיל,גויבה,099-guava-fruit-c1,גויבה — פרי שלם,https://commons.wikimedia.org/wiki/File:HK%20food%20%E7%95%AA%E7%9F%B3%E6%A6%B4%20Psidium%20guajava%20%E6%9E%9C%E5%AF%A6%20fruit%20July%202024%20R12S%2002.jpg,https://thumb.wikimedia.org/wikipedia/commons/thumb/e/e2/HK_food_%E7%95%AA%E7%9F%B3%E6%A6%B4_Psidium_guajava_%E6%9E%9C%E5%AF%A6_fruit_July_2024_R12S_02.jpg/960px-HK_food_%E7%95%AA%E7%9F%B3%E6%A6%B4_Psidium_guajava_%E6%9E%9C%E5%AF%A6_fruit_July_2024_R12S_02.jpg,generic
104-bananas.jpg,בננה,בננה / פאפיה,104-bananas-c1,בננה — פרי,https://commons.wikimedia.org/wiki/File:Musa%20%C3%97%20paradisiaca%2C%20fruit%20stalk%20and%20fruit%20skin%2C%20Etzold%20green%207.jpg,https://thumb.wikimedia.org/wikipedia/commons/thumb/7/73/Musa_%C3%97_paradisiaca%2C_fruit_stalk_and_fruit_skin%2C_Etzold_green_7.jpg/960px-Musa_%C3%97_paradisiaca%2C_fruit_stalk_and_fruit_skin%2C_Etzold_green_7.jpg,generic
105-papaya-fruit.jpg,פאפיה,בננה / פאפיה,105-papaya-fruit-c1,פאפיה — פרי,https://commons.wikimedia.org/wiki/File:Papaya%20-%20longitudinal%20section%20close-up%20view.jpg,https://thumb.wikimedia.org/wikipedia/commons/thumb/e/ee/Papaya_-_longitudinal_section_close-up_view.jpg/960px-Papaya_-_longitudinal_section_close-up_view.jpg,generic
105-papaya-fruit.jpg,פאפיה,בננה / פאפיה,105-papaya-fruit-c2,פאפיה — פרי חתוך,https://commons.wikimedia.org/wiki/File:Papaya%20half.jpg,https://thumb.wikimedia.org/wikipedia/commons/thumb/1/1e/Papaya_half.jpg/960px-Papaya_half.jpg,generic
119-goji-berries.jpg,גוג׳י ברי,שונות,119-goji-berries-c1,גוג׳י ברי — פרי,https://commons.wikimedia.org/wiki/File:Lycium%20barbarum%20-%20Wolfberries%20China%207-05.jpg,https://thumb.wikimedia.org/wikipedia/commons/thumb/6/62/Lycium_barbarum_-_Wolfberries_China_7-05.jpg/960px-Lycium_barbarum_-_Wolfberries_China_7-05.jpg,exact
118-prickly-pear-fruit.jpg,סברס (צבר),שונות,118-prickly-pear-fruit-c1,צבר — פרי,https://commons.wikimedia.org/wiki/File:Prickly%20pears.jpg,https://thumb.wikimedia.org/wikipedia/commons/thumb/9/9e/Prickly_pears.jpg/960px-Prickly_pears.jpg,generic
120-sapodilla-fruit.jpg,ספודילה,עץ במפות (בלי כרטיס קטיף),120-sapodilla-fruit-c1,ספודילה — פרי,https://commons.wikimedia.org/wiki/File:Sapotaceae-%20Manilkara%20zapota%20(sapodilla).jpg,https://thumb.wikimedia.org/wikipedia/commons/thumb/d/d3/Sapotaceae-_Manilkara_zapota_%28sapodilla%29.jpg/960px-Sapotaceae-_Manilkara_zapota_%28sapodilla%29.jpg,exact
120-sapodilla-fruit.jpg,ספודילה,עץ במפות (בלי כרטיס קטיף),120-sapodilla-fruit-c2,ספודילה — פרי שלם,https://commons.wikimedia.org/wiki/File:Sapodilla%20fruit%20image.jpg,https://thumb.wikimedia.org/wikipedia/commons/thumb/3/32/Sapodilla_fruit_image.jpg/960px-Sapodilla_fruit_image.jpg,exact
144-cherimoya-fruit.jpg,אנונה,עץ במפות (בלי כרטיס קטיף),144-cherimoya-fruit-c1,אנונה — פרי,https://commons.wikimedia.org/wiki/File:Annona%20cherimola%20fruit%2C%20Pedra%20Bela%2C%20Brazil.jpg,https://upload.wikimedia.org/wikipedia/commons/3/3d/Annona_cherimola_fruit%2C_Pedra_Bela%2C_Brazil.jpg,exact
144-cherimoya-fruit.jpg,אנונה,עץ במפות (בלי כרטיס קטיף),144-cherimoya-fruit-c2,אנונה — פרי שלם,https://commons.wikimedia.org/wiki/File:Cherimoya%20fruit%20basket.jpg,https://thumb.wikimedia.org/wikipedia/commons/thumb/e/e5/Cherimoya_fruit_basket.jpg/960px-Cherimoya_fruit_basket.jpg,generic
064-white-fig.jpg,תאנה לבנה,תאנים,064-white-fig-c1,תאנה לבנה — פרי,https://commons.wikimedia.org/wiki/File:Ficus%20carica%20MHNT.BOT.2025.31.38.jpg,https://thumb.wikimedia.org/wikipedia/commons/thumb/9/95/Ficus_carica_MHNT.BOT.2025.31.38.jpg/960px-Ficus_carica_MHNT.BOT.2025.31.38.jpg,generic
064-white-fig.jpg,תאנה לבנה,תאנים,064-white-fig-c2,תאנה ירוקה — פרי,https://commons.wikimedia.org/wiki/File:Ficus%20carica%20Panasc%C3%A8.jpg,https://thumb.wikimedia.org/wikipedia/commons/thumb/4/46/Ficus_carica_Panasc%C3%A8.jpg/960px-Ficus_carica_Panasc%C3%A8.jpg,generic
066-purple-fig.jpg,תאנה ברזילאית,תאנים,066-purple-fig-c1,תאנה סגולה — פרי,https://commons.wikimedia.org/wiki/File:Fig%20fruit.%20Ficus%20carica.%20Purple%20fig%20variety%20(52335020972).jpg,https://thumb.wikimedia.org/wikipedia/commons/thumb/4/43/Fig_fruit._Ficus_carica._Purple_fig_variety_%2852335020972%29.jpg/960px-Fig_fruit._Ficus_carica._Purple_fig_variety_%2852335020972%29.jpg,exact
107-raspberries.jpg,פטל לנדאו,פטל,107-raspberries-c1,פטל — פרי,https://commons.wikimedia.org/wiki/File:Raspberry%20-%20halved%20(Rubus%20idaeus).jpg,https://thumb.wikimedia.org/wikipedia/commons/thumb/a/a7/Raspberry_-_halved_%28Rubus_idaeus%29.jpg/960px-Raspberry_-_halved_%28Rubus_idaeus%29.jpg,generic
107-raspberries.jpg,פטל לנדאו,פטל,107-raspberries-c2,פטל — אדום,https://commons.wikimedia.org/wiki/File:Raspberry%20-%20whole%20(Rubus%20idaeus).jpg,https://thumb.wikimedia.org/wikipedia/commons/thumb/9/99/Raspberry_-_whole_%28Rubus_idaeus%29.jpg/960px-Raspberry_-_whole_%28Rubus_idaeus%29.jpg,generic
109-raspberries.jpg,פטל רפאו,פטל,109-raspberries-c2,פטל — טרי,https://commons.wikimedia.org/wiki/File:Raspberry%20-%20whole%20(Rubus%20idaeus).jpg,https://thumb.wikimedia.org/wikipedia/commons/thumb/9/99/Raspberry_-_whole_%28Rubus_idaeus%29.jpg/960px-Raspberry_-_whole_%28Rubus_idaeus%29.jpg,generic
085-california-walnut.jpg,אגוז קליפורניה,אגוזים אחרים,calwalt-commons-1,אגוז קליפורניה — פרי על ענף,https://commons.wikimedia.org/wiki/File:California_Blackwalnut.jpg,https://thumb.wikimedia.org/wikipedia/commons/thumb/c/cf/California_Blackwalnut.jpg/960px-California_Blackwalnut.jpg,exact
085-california-walnut.jpg,אגוז קליפורניה,אגוזים אחרים,calwalt-commons-2,Juglans californica — שלושה פירות,https://commons.wikimedia.org/wiki/File:Juglans_californica_JoeDecruyenaere.jpg,https://thumb.wikimedia.org/wikipedia/commons/thumb/9/95/Juglans_californica_JoeDecruyenaere.jpg/960px-Juglans_californica_JoeDecruyenaere.jpg,exact
138-rio-grande-cherry-eugenia-involucrata.jpg,ריו גרנדה,עץ במפות (בלי כרטיס קטיף),riograndecherry-commons-1,ריו גרנדה (Eugenia involucrata) — פרי על ענף,https://commons.wikimedia.org/wiki/File:RFVC_024.jpg,https://thumb.wikimedia.org/wikipedia/commons/thumb/e/e0/RFVC_024.jpg/960px-RFVC_024.jpg,exact
