file,hebrew_name,source_page_url,image_url,match
001-picholine-olives.jpg,פישולין (ירוק),https://commons.wikimedia.org/wiki/File:Olives_(PICHOLINE)_CL._J_Weber_(2)_(22754145017).jpg,https://thumb.wikimedia.org/wikipedia/commons/thumb/8/85/Olives_%28PICHOLINE%29_CL._J_Weber_%282%29_%2822754145017%29.jpg/960px-Olives_%28PICHOLINE%29_CL._J_Weber_%282%29_%2822754145017%29.jpg,exact
002-koroneiki-olives.jpg,קורנייקי (שמן),https://www.oliveventura.com/blogs/olive-ventura/the-koroneiki-olive/,https://cdn.shoplightspeed.com/shops/638753/files/62775090/the-koroneiki-olive.jpg,exact
003-barnea-olives.jpg,ברנע (שמן/שולחן),https://commons.wikimedia.org/wiki/File:Olive_fruit_on_the_branch_(2007).jpg,https://thumb.wikimedia.org/wikipedia/commons/thumb/c/c9/Olive_fruit_on_the_branch_%282007%29.jpg/960px-Olive_fruit_on_the_branch_%282007%29.jpg,generic
004-kalamata-olives.jpg,קלמטה (שחור),https://commons.wikimedia.org/wiki/File:Kalamataolives.jpg,https://upload.wikimedia.org/wikipedia/commons/2/20/Kalamataolives.jpg,exact
005-finger-lime-fruit.jpg,פינגר ליים,https://commons.wikimedia.org/wiki/File:Citrus_australasica_-_Australian_finger_lime_-_5155.jpg,https://upload.wikimedia.org/wikipedia/commons/4/48/Citrus_australasica_-_Australian_finger_lime_-_5155.jpg,exact
006-clementine-mandarin.jpg,קלמנטינה אור,"https://commons.wikimedia.org/wiki/File:Clementines_whole,_peeled,_half_and_sectioned.jpg",https://upload.wikimedia.org/wikipedia/commons/5/5d/Clementines_whole%2C_peeled%2C_half_and_sectioned.jpg,generic
007-mandarin-fruit.jpg,קלמנטינה מיכל,https://commons.wikimedia.org/wiki/File:Clementine_fruit_and_pieces.jpg,https://upload.wikimedia.org/wikipedia/commons/e/ec/Clementine_fruit_and_pieces.jpg,generic
008-pink-grapefruit.jpg,אשכולית עליזה,"https://commons.wikimedia.org/wiki/File:Citrus_paradisi_(Grapefruit,_pink)_white_bg.jpg",https://upload.wikimedia.org/wikipedia/commons/d/d0/Citrus_paradisi_%28Grapefruit%2C_pink%29_white_bg.jpg,generic
009-navel-orange.jpg,ניוהול (טבור),https://commons.wikimedia.org/wiki/File:Orange-Fruit-Pieces.jpg,https://upload.wikimedia.org/wikipedia/commons/c/c4/Orange-Fruit-Pieces.jpg,generic
010-oroblanco-sweetie.jpg,פומלית,https://commons.wikimedia.org/wiki/File:Oroblanco_(sweetie)_fruits.jpg,https://upload.wikimedia.org/wikipedia/commons/f/fc/Oroblanco_%28sweetie%29_fruits.jpg,exact
011-red-pomelo.jpg,פומלית אדומה,https://commons.wikimedia.org/wiki/File:Grapefruits_-_whole-halved-segments.jpg,https://upload.wikimedia.org/wikipedia/commons/8/8c/Grapefruits_-_whole-halved-segments.jpg,exact
012-pomelo-fruit.jpg,פומלו,https://commons.wikimedia.org/wiki/File:Pomelo_fruit.jpg,https://upload.wikimedia.org/wikipedia/commons/f/f3/Pomelo_fruit.jpg,generic
013-navel-orange.jpg,ראוסטנברג (טבור),https://commons.wikimedia.org/wiki/File:Orange-Fruit-Pieces.jpg,https://upload.wikimedia.org/wikipedia/commons/c/c4/Orange-Fruit-Pieces.jpg,generic
014-cara-cara-orange.jpg,קרה קרה (טבור אדום),https://commons.wikimedia.org/wiki/File:Cara_cara_orange_cut_in_half.JPG,https://upload.wikimedia.org/wikipedia/commons/d/da/Cara_cara_orange_cut_in_half.JPG,exact
016-moro-blood-orange.jpg,מורו (דם),https://commons.wikimedia.org/wiki/File:Blood_orange_with_a_slice_taken_out.jpg,https://upload.wikimedia.org/wikipedia/commons/9/91/Blood_orange_with_a_slice_taken_out.jpg,generic
